movie_title,gross_total,max_theaters,opening_weekend_gross,release_date,score,running_time_min,production_budget,genre_action,genre_adventure,genre_animation,genre_comedy,genre_documentary,genre_drama,genre_fantasy,genre_film_noir,genre_horror,genre_kids,genre_musical,genre_mystery,genre_romance,genre_sci-fi,genre_tv_series,genre_thriller,genre_war,genre_western
The Avengers,623357910,4349,207438708,2012/05/4,3.0,89,225000000,1,0,0,0,0,0,0,0,0,0,0,0,0,1,0,0,0,0
The Dark Knight Rises,448139099,4404,160887295,2012/07/20,7.5,164,230000000,1,0,0,0,0,1,0,0,0,0,0,0,0,0,0,1,0,0
The Hunger Games,408010692,4137,152535747,2012/03/23,6.2,143,80000000,0,1,0,0,0,0,0,0,0,0,0,0,0,1,0,1,0,0
Skyfall,304360277,3526,88364714,2012/11/9,6.6,143,200000000,1,0,0,0,0,0,0,0,0,0,0,0,0,0,0,1,0,0
The Hobbit: An Unexpected Journey,303003568,4100,84617303,2012/12/14,7.0,170,200000000,1,1,0,0,0,0,1,0,0,0,0,0,0,0,0,0,0,0
The Amazing Spider-Man,262030663,4318,62004688,2012/07/3,5.8,136,220000000,1,0,0,0,0,0,1,0,0,0,0,0,1,0,0,0,0,0
Brave,237283207,4164,66323594,2012/06/22,6.5,90,185000000,0,1,1,1,0,0,1,0,0,0,0,0,0,0,0,0,0,0
Ted,218815487,3303,54415205,2012/06/29,5.5,106,50000000,0,0,0,1,0,0,1,0,0,0,0,0,0,0,0,0,0,0
Madagascar 3: Europe's Most Wanted,216391482,4263,60316738,2012/06/8,5.8,85,145000000,0,1,1,1,0,0,0,0,0,1,0,0,0,0,0,0,0,0
Wreck-It Ralph,189422889,3752,49038712,2012/11/2,6.9,101,165000000,0,1,1,1,0,0,1,0,0,0,0,0,0,0,0,0,0,0
Lincoln,182207973,2293,944308,2012/11/16,6.3,149,65000000,0,0,0,0,0,1,0,0,0,0,0,0,0,0,0,0,0,0
Men in Black 3,179020854,4248,54592779,2012/05/25,5.7,106,215000000,1,0,0,1,0,0,0,0,0,0,0,0,0,1,0,0,0,0
Django Unchained,162805434,3012,30122888,2012/12/25,7.9,165,100000000,0,0,0,0,0,0,0,0,0,0,0,0,0,0,0,0,0,1
Snow White and the Huntsman,155332381,3777,56217700,2012/06/1,5.3,127,170000000,1,1,0,0,0,0,1,0,0,0,0,0,0,0,0,0,0,0
Les Mis√©rables,148809770,2927,27281735,2012/12/25,7.2,102,65000000,0,0,0,0,0,1,0,0,0,0,0,0,0,0,0,1,0,0
Hotel Transylvania,148313048,3375,42522194,2012/09/28,6.0,91,85000000,0,0,1,1,0,0,1,0,0,0,0,0,0,0,0,0,0,0
Taken 2,139854287,3706,49514769,2012/10/5,5.4,91,45000000,1,0,0,0,0,0,0,0,0,0,0,0,0,0,0,1,0,0
21 Jump Street,138447667,3148,36302612,2012/03/16,5.6,109,42000000,1,0,0,1,0,0,0,0,0,0,0,0,0,0,0,0,0,0
Argo,136025503,3247,19458109,2012/10/12,7.2,120,44500000,0,0,0,0,0,1,0,0,0,0,0,1,0,0,0,1,0,0
Silver Linings Playbook,132092958,2809,443003,2012/12/25,6.7,120,21000000,0,0,0,1,0,1,0,0,0,0,0,0,1,0,0,0,0,0
Prometheus,126477084,3442,51050101,2012/06/8,5.7,123,125000000,0,0,0,0,0,0,0,0,0,0,0,0,0,1,0,0,0,0
Life of Pi,124987023,2946,22451514,2012/11/21,7.1,127,120000000,0,1,0,0,0,1,0,0,0,0,0,0,0,0,0,0,0,0
Magic Mike,113721571,3120,39127170,2012/06/29,5.1,110,7000000,0,0,0,1,0,1,0,0,0,0,0,0,0,0,0,0,0,0
The Bourne Legacy,113203870,3753,38142825,2012/08/10,5.8,135,125000000,1,0,0,0,0,0,0,0,0,0,0,0,0,0,0,0,0,0
Journey 2: The Mysterious Island,103860290,3500,27335363,2012/02/10,4.3,94,79000000,0,1,0,0,0,0,1,0,0,0,0,0,0,1,0,0,0,0
Rise of the Guardians,103412758,3672,23773465,2012/11/21,6.4,97,145000000,0,1,1,0,0,0,1,0,0,0,0,0,0,0,0,0,0,0
Flight,93772375,2638,24900566,2012/11/2,6.6,138,31000000,0,0,0,0,0,1,0,0,0,0,0,0,0,0,0,0,0,0
Think Like a Man,91547205,2052,33636303,2012/04/20,5.1,123,12000000,0,0,0,1,0,0,0,0,0,0,0,0,1,0,0,0,0,0
The Campaign,86907746,3302,26588460,2012/08/10,5.0,85,95000000,0,0,0,1,0,0,0,0,0,0,0,0,0,0,0,0,0,0
The Expendables 2,85028192,3355,28591370,2012/08/17,5.9,102,100000000,1,0,0,0,0,0,0,0,0,0,0,0,0,0,0,0,0,0
Wrath of the Titans,83670083,3545,33457188,2012/03/30,4.6,99,150000000,1,1,0,0,0,0,1,0,0,0,0,0,0,0,0,0,0,0
Jack Reacher,80070736,3352,15210156,2012/12/21,5.9,130,60000000,1,0,0,0,0,0,0,0,0,0,0,0,0,0,0,1,0,0
Dark Shadows,79727149,3755,29685274,2012/05/11,5.3,113,150000000,0,0,0,1,0,0,1,0,1,0,0,0,0,0,0,0,0,0
Parental Guidance,77267296,3368,14554053,2012/12/25,6.1,52,25000000,0,0,0,0,0,1,0,0,0,0,0,0,0,0,0,0,0,0
John Carter,73078100,3749,30180188,2012/03/9,5.4,132,263700000,1,1,0,0,0,0,1,0,0,0,0,0,0,1,0,0,0,0
Act of Valor,70012847,3053,24476632,2012/02/24,5.0,111,12000000,1,0,0,0,0,0,0,0,0,0,0,0,0,0,0,1,1,0
This Is 40,67544505,2931,11579175,2012/12/21,5.4,134,35000000,0,0,0,1,0,0,0,0,0,0,0,0,0,0,0,0,0,0
Contraband,66528000,2870,24349815,2012/01/13,6.8,92,25000000,0,1,0,0,0,0,0,0,0,0,0,0,1,0,0,0,0,0
Looper,66486205,2993,20801552,2012/09/28,6.6,118,30000000,1,0,0,0,0,0,0,0,0,0,0,0,0,1,0,0,0,0
Battleship,65422625,3702,25534825,2012/05/18,4.5,131,220000000,1,0,0,0,0,0,0,0,0,0,0,0,0,1,0,0,1,0
Pitch Perfect,65001093,2787,5149433,2012/10/5,5.8,108,17000000,0,0,0,1,0,0,0,0,0,0,0,0,0,0,0,0,0,0
Mirror Mirror,64935167,3618,18132085,2012/03/30,7.6,45,85000000,0,0,0,0,0,1,0,0,0,0,0,0,0,0,0,1,0,0
Chronicle,64575175,2908,22004098,2012/02/3,6.2,83,12000000,1,0,0,0,0,0,1,0,0,0,0,0,0,1,0,0,0,0
Hope Springs,63536011,2441,14650121,2012/08/8,4.4,92,30000000,0,0,0,1,0,0,0,0,0,0,0,0,1,0,0,0,0,0
Underworld: Awakening,62321039,3078,25306725,2012/01/20,5.1,85,70000000,1,0,0,0,0,0,1,0,1,0,0,0,0,0,0,0,0,0
The Lucky One,60457138,3175,22518358,2012/04/20,5.1,101,25000000,0,0,0,0,0,1,0,0,0,0,0,0,1,0,0,0,0,0
The Dictator,59650222,3014,17435092,2012/05/16,5.4,83,65000000,0,0,0,1,0,0,0,0,0,0,0,0,0,0,0,0,0,0
Total Recall,58877969,3601,25577758,2012/08/3,5.2,118,125000000,1,0,0,0,0,0,0,0,0,0,0,0,0,1,0,0,0,0
American Reunion,57011521,3203,21514080,2012/04/6,5.7,113,50000000,0,0,0,1,0,0,0,0,0,0,0,0,0,0,0,0,0,0
ParaNorman,56003051,3455,14087050,2012/08/17,6.3,89,60000000,0,0,1,1,0,0,1,0,1,0,0,0,0,0,0,0,0,0
This Means War,54760791,3189,17405930,2012/02/17,4.9,98,65000000,1,0,0,1,0,0,0,0,0,0,0,0,1,0,0,0,0,0
Project X,54731865,3055,21051363,2012/03/2,5.6,97,12000000,0,0,0,0,0,0,0,0,0,0,0,0,0,1,0,1,0,0
The Woman in Black,54333290,2856,20874072,2012/02/3,5.5,95,15000000,0,0,0,0,0,1,0,0,1,0,0,0,0,0,0,0,0,0
Paranormal Activity 4,53885000,3412,29003866,2012/10/19,4.1,88,5000000,0,0,0,0,0,0,0,0,1,0,0,0,0,0,0,0,0,0
The Devil Inside,53261944,2551,33732515,2012/01/6,3.7,83,1000000,0,0,0,0,0,0,0,0,1,0,0,0,0,0,0,1,0,0
The Odd Life of Timothy Green,51854875,2717,10822903,2012/08/15,5.6,105,40000000,0,0,0,0,0,1,1,0,0,0,0,0,0,0,0,0,0,0
Ghost Rider: Spirit of Vengeance,51774002,3174,22115334,2012/02/17,3.3,95,57000000,1,0,0,0,0,0,1,0,0,0,0,0,0,0,0,0,0,0
The Grey,51580236,3208,19665101,2012/01/27,5.5,117,25000000,0,1,0,0,0,1,0,0,0,0,0,0,0,0,0,0,0,0
Red Tails,49876377,2573,18782154,2012/01/20,5.4,125,58000000,0,0,0,0,0,0,0,0,0,0,0,0,0,0,0,0,1,0
The Possession,49130154,2860,17732480,2012/08/31,4.8,92,14000000,0,0,0,0,0,0,0,0,1,0,0,0,0,0,0,0,0,0
Diary of a Wimpy Kid: Dog Days,49008662,3401,14623599,2012/08/3,5.1,94,22000000,0,0,0,1,0,0,0,0,0,1,0,0,0,0,0,0,0,0
Sinister,48086903,2542,18007634,2012/10/12,5.9,110,3000000,0,0,0,0,0,0,0,0,1,0,0,0,0,0,0,1,0,0
Savages,47382068,2635,16016910,2012/07/6,5.8,126,45000000,0,0,0,0,0,1,0,0,0,0,0,0,0,0,0,1,0,0
The Best Exotic Marigold Hotel,46412041,1298,737051,2012/05/25,6.2,124,10000000,0,0,0,1,0,1,0,0,0,0,0,0,0,0,0,0,0,0
Moonrise Kingdom,45512466,924,522996,2012/06/29,7.2,94,16000000,0,0,0,1,0,1,0,0,0,0,0,0,1,0,0,0,0,0
Here Comes the Boom,45290318,3014,11816596,2012/10/12,4.9,105,42000000,1,0,0,1,0,0,0,0,0,0,0,0,0,0,0,0,0,0
Red Dawn,44806783,2781,14276668,2012/11/21,5.9,29,65000000,0,0,0,0,1,0,0,0,0,0,0,0,0,0,0,0,0,0
The Artist,44671682,1756,204878,2012/01/20,7.6,100,16000000,0,0,0,1,0,1,0,0,0,0,0,0,1,0,0,0,0,0
The Three Stooges,44338224,3482,17010125,2012/04/13,3.9,92,30000000,0,0,0,1,0,0,0,0,0,0,0,0,0,0,0,0,0,0
Resident Evil: Retribution,42345531,3016,21052227,2012/09/14,4.0,95,65000000,1,0,0,0,0,0,0,0,0,0,0,0,0,1,0,0,0,0
The Cabin in the Woods,42073277,2811,14743614,2012/04/13,6.1,105,30000000,0,0,0,0,0,0,1,0,1,0,0,0,0,1,0,0,0,0
What to Expect When You're Expecting,41152203,3021,10547068,2012/05/18,4.5,110,37500000,0,0,0,1,0,0,0,0,0,0,0,0,1,0,0,0,0,0
End of Watch,41003371,2780,13152683,2012/09/21,6.4,109,15000000,1,0,0,0,0,1,0,0,0,0,0,0,0,0,0,1,0,0
Rock of Ages,38518613,3470,14437269,2012/06/15,4.6,123,70000000,0,0,0,1,0,1,0,0,0,0,1,0,0,0,0,0,0,0
Abraham Lincoln: Vampire Hunter,37519139,3109,16306974,2012/06/22,4.2,105,67500000,1,0,0,0,0,0,1,0,1,0,0,0,0,0,0,0,0,0
Lawless,37400127,3138,10001982,2012/08/29,6.2,115,26000000,0,0,0,0,0,1,0,0,0,0,0,0,0,0,0,1,0,0
The Guilt Trip,37134215,2431,5290629,2012/12/19,4.4,95,40000000,0,0,0,1,0,0,0,0,0,0,0,0,0,0,0,0,0,0
Trouble with the Curve,35763137,3212,12162040,2012/09/21,6.1,111,60000000,0,0,0,0,0,1,0,0,0,0,0,0,1,0,0,0,0,0
The Watch,35353000,3168,12750297,2012/07/27,4.5,98,55000000,0,0,0,1,0,0,0,0,0,0,0,0,0,1,0,0,0,0
Frankenweenie,35291068,3005,11412213,2012/10/5,6.7,87,39000000,0,0,1,1,0,0,0,0,1,0,0,0,0,1,0,0,0,0
Step Up Revolution,35074677,2606,11731708,2012/07/27,5.2,99,33000000,0,0,0,0,0,1,0,0,0,0,0,0,0,0,0,0,0,0
House at the End of the Street,31611916,3083,12287234,2012/09/21,4.3,101,6900000,0,0,0,0,0,0,0,0,1,0,0,1,0,0,0,1,0,0
The Pirates! Band of Misfits,31051126,3358,11137734,2012/04/27,6.2,88,55000000,0,1,1,1,0,0,0,0,0,0,0,0,0,0,0,0,0,0
Joyful Noise,30932113,2735,11225190,2012/01/13,4.7,117,27500000,0,0,0,1,0,0,0,0,0,0,0,0,0,0,0,0,0,0
The Iron Lady,30017992,1244,220409,2012/01/13,5.8,105,14000000,0,0,0,0,0,1,0,0,0,0,0,0,0,0,0,0,0,0
The Five-Year Engagement,28835528,2941,10610060,2012/04/27,5.2,124,30000000,0,0,0,1,0,0,0,0,0,0,0,0,1,0,0,0,0,0
Cloud Atlas,27108272,2023,9612247,2012/10/26,6.4,172,102000000,0,0,0,0,0,1,0,0,0,0,0,0,1,1,0,1,0,0
One for the Money,26414527,2737,11515790,2012/01/27,3.9,106,42000000,0,0,0,1,0,0,0,0,0,0,0,0,1,0,0,1,0,0
Alex Cross,25888412,2541,11396768,2012/10/19,4.3,101,35000000,1,0,0,0,0,0,0,0,0,0,0,0,0,0,0,1,0,0
Sparkle,24397469,2244,11643342,2012/08/17,5.7,100,10000000,0,0,0,1,0,0,0,0,0,0,0,0,1,0,0,0,0,0
Tinker Tailor Soldier Spy,24149393,886,310562,2012/01/6,6.4,127,21000000,0,0,0,0,0,0,0,0,0,0,0,1,0,0,0,1,0,0
Premium Rush,20275446,2255,6030164,2012/08/24,5.3,87,35000000,1,0,0,0,0,0,0,0,0,0,0,0,0,0,0,1,0,0
Big Miracle,20157300,2133,7760205,2012/02/3,5.2,107,40000000,0,1,0,0,0,1,0,0,0,0,0,0,1,0,0,0,0,0
Haywire,18942396,2441,8425370,2012/01/20,4.8,93,23000000,1,0,0,0,0,0,0,0,0,0,0,0,0,0,0,1,0,0
Man on a Ledge,18620000,2998,8001932,2012/01/27,5.6,102,42000000,0,0,0,0,0,0,0,0,0,0,0,0,0,0,0,1,0,0
A Thousand Words,18450127,1895,6176280,2012/03/9,4.5,91,40000000,0,0,0,1,0,1,1,0,0,0,0,0,0,0,0,0,0,0
Chernobyl Diaries,18119640,2433,7955307,2012/05/25,4.2,82,1000000,0,0,0,0,0,0,0,0,1,0,0,0,0,0,0,1,0,0
The Perks of Being a Wallflower,17742948,745,228359,2012/10/12,7.1,103,13000000,0,0,0,0,0,1,0,0,0,0,0,0,0,0,0,0,0,0
To Rome with Love,16685867,806,361359,2012/07/6,5.8,102,21500000,0,0,0,1,0,0,0,0,0,0,0,0,1,0,0,0,0,0
The Master,16377274,864,736311,2012/09/21,6.3,137,37500000,0,0,0,0,0,1,0,0,0,0,0,0,0,0,0,0,0,0
The Raven,16008272,2209,7289642,2012/04/27,7.4,92,26000000,0,0,0,0,0,1,0,0,0,0,0,1,0,0,0,0,0,0
The Man with the Iron Fists,15634090,1872,7910980,2012/11/2,4.5,92,15000000,1,0,0,0,0,0,1,0,0,0,0,0,0,0,0,0,0,0
Killing Them Softly,15026056,2424,6812900,2012/11/30,5.8,97,15000000,0,0,0,0,0,0,0,1,0,0,0,0,0,0,0,1,0,0
Seven Psychopaths,15024049,1480,4174915,2012/10/12,6.3,109,13500000,0,0,0,1,0,0,0,0,0,0,0,0,0,0,0,1,0,0
Lockout,14326864,2335,6231836,2012/04/13,4.6,95,20000000,1,0,0,0,0,0,0,0,0,0,0,0,0,1,0,0,0,0
Dredd,13414714,2557,6278491,2012/09/21,6.0,95,45000000,1,0,0,0,0,0,0,0,0,0,0,0,0,1,0,0,0,0
Silent House,12754783,2124,6661234,2012/03/9,4.8,85,2000000,0,0,0,0,0,0,0,0,1,0,0,0,0,0,0,1,0,0
Cirque du Soleil: Worlds Away,12512862,840,2162993,2012/12/21,6.6,91,25000000,0,0,0,0,0,0,1,0,0,0,1,0,1,0,0,0,0,0
People Like Us,12434778,2055,4255423,2012/06/29,6.0,114,16000000,0,0,0,0,0,1,0,0,0,0,0,0,0,0,0,0,0,0
Gone,11682205,2186,4770360,2012/02/24,5.6,117,19000000,1,0,0,0,0,0,0,0,0,0,0,0,0,0,0,0,0,0
The Words,11494838,2801,4750894,2012/09/7,6.1,96,6000000,0,0,0,0,0,1,0,0,0,0,0,0,0,0,0,0,0,0
Fun Size,9409538,3016,4101017,2012/10/26,3.8,90,14000000,0,0,0,1,0,0,0,0,0,0,0,0,0,0,0,0,0,0
Seeking a Friend for the End of the World,7078738,1625,3822803,2012/06/22,6.0,101,10000000,0,0,0,1,0,0,1,0,0,0,0,0,1,0,0,0,0,0
The Collection,6842058,1403,3104269,2012/11/30,5.1,82,10000000,1,0,0,0,0,0,0,0,1,0,0,0,0,0,0,1,0,0
Chasing Mavericks,6002756,2030,2268274,2012/10/26,5.9,116,20000000,0,0,0,0,0,1,0,0,0,0,0,0,0,0,0,0,0,0
Won't Back Down,5310554,2517,2603370,2012/09/28,5.5,121,19000000,0,0,0,0,0,1,0,0,0,0,0,0,0,0,0,0,0,0
The Apparition,4936819,810,2841488,2012/08/24,3.4,82,17000000,0,0,0,0,0,0,0,0,1,0,0,0,0,0,0,1,0,0
The Hunger Games: Catching Fire,424668047,4163,158074286,2013/11/22,6.5,146,130000000,0,1,0,0,0,0,0,0,0,0,0,0,0,1,0,0,0,0
Iron Man 3,409013994,4253,174144585,2013/05/3,6.1,130,200000000,1,0,0,0,0,0,1,0,0,0,0,0,0,1,0,0,0,0
Frozen,400738009,3742,243390,2013/11/27,6.5,98,150000000,0,1,1,1,0,0,1,0,0,1,1,0,0,0,0,0,0,0
Despicable Me 2,368065385,4003,83517315,2013/07/3,6.6,98,76000000,0,0,1,1,0,0,0,0,0,1,0,0,0,1,0,0,0,0
Man of Steel,291045518,4207,116619362,2013/06/14,5.8,143,225000000,1,0,0,0,0,0,1,0,0,0,0,0,0,1,0,0,0,0
Gravity,274092705,3820,55785112,2013/10/4,6.9,90,110000000,0,0,0,0,0,1,0,0,0,0,0,0,0,0,0,1,0,0
Monsters University,268492764,4004,82429469,2013/06/21,6.5,96,200000000,0,0,1,1,0,0,1,0,0,0,0,0,0,0,0,0,0,0
The Hobbit: The Desolation of Smaug,258366855,3928,73645197,2013/12/13,6.7,160,250000000,1,1,0,0,0,0,1,0,0,0,0,0,0,0,0,0,0,0
Oz the Great and Powerful,234911825,3912,79110453,2013/03/8,5.3,127,200000000,0,1,0,0,0,0,1,0,0,0,0,0,0,0,0,0,0,0
Star Trek Into Darkness,228778661,3907,70165559,2013/05/16,6.8,132,190000000,1,1,0,0,0,0,0,0,0,0,0,0,0,1,0,0,0,0
Thor: The Dark World,206362140,3841,85737841,2013/11/8,5.7,112,150000000,1,1,0,0,0,0,1,0,0,0,0,0,0,0,0,0,0,0
World War Z,202359711,3607,66411834,2013/06/21,6.1,116,190000000,1,0,0,0,0,0,0,0,1,0,0,0,0,1,0,1,0,0
The Croods,187168425,4065,43639736,2013/03/22,6.3,90,135000000,0,1,1,1,0,0,0,0,0,0,0,0,0,0,0,0,0,0
The Heat,159582188,3184,39115043,2013/06/28,5.2,117,43000000,1,0,0,1,0,0,0,0,0,0,0,0,0,0,0,0,0,0
American Hustle,150117807,2629,740455,2013/12/20,6.3,138,40000000,0,0,0,1,0,1,0,0,0,0,0,1,0,0,0,0,0,0
The Conjuring,137400141,3115,41855326,2013/07/19,6.8,112,20000000,0,0,0,0,0,0,0,0,1,0,0,0,0,0,0,0,0,0
Identity Thief,134506920,3230,34551025,2013/02/8,4.3,112,35000000,0,0,0,1,0,0,0,0,0,0,0,0,0,0,0,0,0,0
Grown Ups 2,133668525,3491,41508572,2013/07/12,4.1,101,80000000,0,0,0,1,0,0,0,0,0,0,0,0,0,0,0,0,0,0
The Wolverine,132556852,3924,53113752,2013/07/26,5.3,126,115000000,1,0,0,0,0,0,1,0,0,0,0,0,0,1,0,0,0,0
Anchorman 2: The Legend Continues,125168368,3507,26232425,2013/12/18,5.4,109,50000000,0,0,0,1,0,0,0,0,0,0,0,0,0,0,0,0,0,0
G.I. Joe: Retaliation,122523060,3734,40501814,2013/03/28,4.6,110,140000000,1,0,0,0,0,0,0,0,0,0,0,0,0,1,0,0,0,0
Cloudy with a Chance of Meatballs 2,119793567,4001,34017930,2013/09/27,5.6,91,78000000,0,1,1,1,0,0,1,0,0,1,0,0,0,0,0,0,0,0
Now You See Me,117723989,3082,29350389,2013/05/31,6.0,124,75000000,0,0,0,0,0,0,0,0,0,0,0,0,0,0,0,1,0,0
The Wolf of Wall Street,116900694,2557,18361578,2013/12/25,7.6,179,100000000,0,0,0,1,0,1,0,0,0,0,0,0,0,0,0,0,0,0
Lee Daniels' The Butler,116632095,3330,24637312,2013/08/16,6.6,132,30000000,0,0,0,0,0,1,0,0,0,0,0,0,0,0,0,0,0,0
Epic,107518682,3894,33531068,2013/05/24,6.0,102,100000000,0,1,1,0,0,0,1,0,0,0,0,0,0,0,0,0,0,0
Captain Phillips,107100855,3143,25718314,2013/10/11,7.0,135,55000000,0,0,0,0,0,1,0,0,0,0,0,0,0,0,0,1,0,0
Jackass Presents: Bad Grandpa,102003019,3345,32055177,2013/10/25,5.9,92,15000000,0,0,0,1,0,0,0,0,0,0,0,0,0,0,0,0,0,0
Pacific Rim,101802906,3285,37285325,2013/07/12,6.0,131,190000000,1,0,0,0,0,0,0,0,0,0,0,0,0,1,0,0,0,0
This Is the End,101470202,3055,20719162,2013/06/12,5.3,130,32000000,0,0,0,1,0,0,1,0,0,0,0,0,1,0,0,0,0,0
Olympus Has Fallen,98925640,3106,30373794,2013/03/22,5.3,111,70000000,1,0,0,0,0,0,0,0,0,0,0,0,0,0,0,1,0,0
Zero Dark Thirty,95720716,2946,417150,2013/01/11,6.8,157,52500000,1,0,0,0,0,1,0,0,0,0,0,0,0,0,0,1,0,0
42,95020213,3405,27487144,2013/04/12,6.4,128,31000000,0,0,0,0,0,1,0,0,0,0,0,0,0,0,0,0,0,0
Elysium,93050117,3284,29807393,2013/08/9,5.7,109,120000000,1,0,0,0,0,0,0,0,0,0,0,0,0,1,0,0,0,0
The Lone Ranger,89302115,3904,29210849,2013/07/3,5.5,86,225000000,0,1,0,0,0,0,0,0,0,0,0,0,0,0,0,0,0,1
Oblivion,89107235,3792,37054485,2013/04/19,5.8,126,120000000,0,0,0,0,0,0,0,0,0,0,0,1,0,1,0,0,0,0
Saving Mr. Banks,83301580,2671,413373,2013/12/20,6.7,125,35000000,0,0,0,0,0,1,0,0,0,0,0,0,0,0,0,0,0,0
Turbo,83028128,3809,21312625,2013/07/17,5.3,96,135000000,0,0,1,1,0,0,0,0,0,1,0,0,0,0,0,0,0,0
2 Guns,75612460,3028,27059130,2013/08/2,5.8,109,61000000,1,0,0,1,0,0,0,0,0,0,0,0,0,0,0,1,0,0
White House Down,73103784,3222,24852258,2013/06/28,5.2,131,150000000,1,0,0,0,0,0,0,0,0,0,0,0,0,0,0,1,0,0
Mama,71628180,2781,28402310,2013/01/18,5.5,5,15000000,0,0,0,0,0,0,1,0,0,0,1,0,0,1,0,0,0,0
Safe Haven,71349120,3223,21401594,2013/02/14,5.3,115,28000000,0,0,0,0,0,1,0,0,0,0,0,0,1,0,0,1,0,0
The Smurfs 2,71017784,3867,17548389,2013/07/31,4.6,105,110000000,0,1,1,1,0,0,0,0,0,1,0,0,0,0,0,0,0,0
The Best Man Holiday,70525195,2041,30107555,2013/11/15,4.8,123,17000000,0,0,0,1,0,0,0,0,0,0,0,0,0,0,0,0,0,0
Percy Jackson: Sea of Monsters,68559554,3080,14401054,2013/08/7,4.7,106,90000000,0,1,0,0,0,0,1,0,0,0,0,0,0,0,0,0,0,0
A Good Day to Die Hard,67349198,3555,24834845,2013/02/14,4.5,101,92000000,1,0,0,0,0,0,0,0,0,0,0,0,0,0,0,1,0,0
Warm Bodies,66380662,3009,20353967,2013/02/1,5.2,98,30000000,0,0,0,1,0,0,1,0,1,0,0,0,1,0,0,0,0,0
Jack the Giant Slayer,65187603,3525,27202226,2013/03/1,5.3,114,195000000,0,1,0,0,0,0,1,0,0,0,0,0,0,0,0,0,0,0
The Purge,64473115,2591,34058360,2013/06/7,5.1,86,3000000,0,0,0,0,0,0,0,0,1,0,0,0,0,0,0,1,0,0
Last Vegas,63914167,3237,16334566,2013/11/1,5.2,101,28000000,0,0,0,1,0,1,0,0,0,0,0,0,0,0,0,0,0,0
Ender's Game,61737191,3407,27017351,2013/11/1,5.9,114,110000000,1,0,0,0,0,0,0,0,0,0,0,0,0,1,0,0,1,0
Prisoners,61002302,3290,20817053,2013/09/20,7.6,153,46000000,0,0,0,0,0,1,0,0,0,0,0,0,0,0,0,1,0,0
After Earth,60522097,3401,27520040,2013/05/31,4.2,100,130000000,1,1,0,0,0,0,0,0,0,0,0,0,0,1,0,0,0,0
The Secret Life of Walter Mitty,58236838,2922,12765508,2013/12/25,6.3,110,91000000,0,0,0,1,0,1,1,0,0,0,0,0,1,0,0,0,0,0
Escape from Planet Earth,57012977,3353,15891055,2013/02/15,5.2,89,40000000,0,0,1,1,0,0,0,0,0,1,0,0,0,1,0,0,0,0
12 Years a Slave,56671993,1474,923715,2013/11/8,7.3,133,20000000,0,0,0,0,0,1,0,0,0,0,0,0,0,0,0,0,0,0
Free Birds,55750480,3736,15805237,2013/11/1,4.8,91,55000000,0,0,1,1,0,0,0,0,0,1,0,0,0,1,0,0,0,0
Hansel & Gretel: Witch Hunters,55703475,3375,19690956,2013/01/25,4.7,88,50000000,1,1,0,0,0,0,1,0,1,0,0,0,0,0,0,0,0,0
Evil Dead,54239856,3025,25775847,2013/04/5,5.8,91,17000000,0,0,0,0,0,0,1,0,1,0,0,0,0,0,0,0,0,0
RED 2,53262560,3016,18048422,2013/07/19,5.4,116,84000000,1,0,0,1,0,0,0,0,0,0,0,0,0,0,0,0,0,0
The Call,51872378,2507,17118745,2013/03/15,5.9,4,12800000,1,0,1,0,0,0,0,0,0,0,0,0,0,0,0,0,0,0
Pain & Gain,49875291,3303,20244505,2013/04/26,5.8,129,26000000,1,0,0,1,0,0,0,0,0,0,0,0,0,0,0,0,0,0
Gangster Squad,46000903,3103,17070347,2013/01/11,5.9,113,60000000,0,0,0,0,0,0,0,1,0,0,0,0,0,0,0,0,0,0
The Internship,44672764,3399,17325307,2013/06/7,5.1,119,58000000,0,0,0,1,0,0,0,0,0,0,0,0,0,0,0,0,0,0
Snitch,42930462,2511,13167607,2013/02/22,5.6,112,15000000,1,0,0,0,0,1,0,0,0,0,0,0,0,0,0,1,0,0
Riddick,42025135,3117,19030375,2013/09/6,5.2,113,38000000,1,0,0,0,0,0,0,0,0,0,0,0,0,1,0,0,0,0
A Haunted House,40041683,2160,18101682,2013/01/11,3.5,86,2500000,0,0,0,1,0,0,0,0,1,0,0,0,0,0,0,0,0,0
47 Ronin,38362475,2690,9910310,2013/12/25,7.3,207,175000000,0,0,0,0,0,1,0,0,0,0,0,0,0,0,0,0,0,0
Philomena,37709979,1225,128435,2013/11/27,6.7,98,12000000,0,0,0,0,0,1,0,0,0,0,0,0,0,0,0,0,0,0
Carrie,35266619,3157,16101552,2013/10/18,5.0,100,30000000,0,0,0,0,0,1,0,0,1,0,0,0,0,0,0,0,0,0
R.I.P.D.,33618855,2852,12691415,2013/07/19,4.4,92,130000000,1,0,0,1,0,0,1,0,0,0,0,0,0,0,0,0,0,0
Blue Jasmine,33405481,1283,612064,2013/08/23,6.8,98,18000000,0,0,0,1,0,1,0,0,0,0,0,0,0,0,0,0,0,0
Kevin Hart: Let Me Explain,32244051,892,10030463,2013/07/3,5.7,75,2500000,0,0,0,1,0,0,0,0,0,0,0,0,0,0,0,0,0,0
Side Effects,32172757,2605,9303145,2013/02/8,3.7,90,30000000,0,0,0,1,0,0,0,0,0,0,0,0,1,0,0,0,0,0
The Mortal Instruments: City of Bones,31165421,3118,9336957,2013/08/21,4.3,130,60000000,0,1,0,0,0,1,1,0,0,0,0,0,1,0,0,0,0,0
Grudge Match,29807260,2856,7021993,2013/12/25,5.3,113,40000000,0,0,0,1,0,0,0,0,0,0,0,0,0,0,0,0,0,0
One Direction: This Is Us,28873374,2735,15815497,2013/08/30,4.3,92,10000000,0,0,0,0,1,0,0,0,0,0,0,0,0,0,0,0,0,0
Kick-Ass 2,28795985,2945,13332955,2013/08/16,6.0,103,28000000,1,0,0,1,0,0,0,0,0,0,0,0,0,0,0,0,0,0
Dallas Buyers Club,27298285,1110,260865,2013/11/22,7.5,117,5000000,0,0,0,0,0,1,0,0,0,0,0,0,0,0,0,0,0,0
Rush,26947624,2308,187289,2013/09/27,7.2,123,38000000,1,0,0,0,0,1,0,0,0,0,0,0,0,0,0,0,0,0
The World's End,26004851,1553,8811790,2013/08/23,6.1,106,20000000,0,0,0,1,0,0,0,0,0,0,0,0,0,1,0,0,0,0
Escape Plan,25135965,2883,9885732,2013/10/18,5.1,105,70000000,0,0,0,0,0,0,0,1,0,0,0,0,0,0,0,1,0,0
Don Jon,24477704,2422,8677009,2013/09/27,5.7,88,5500000,0,0,0,1,0,0,0,0,0,0,0,0,0,0,0,0,0,0
The Incredible Burt Wonderstone,22537881,3160,10177257,2013/03/15,5.2,100,32000000,0,0,0,1,0,0,0,0,0,0,0,0,0,0,0,0,0,0
The Big Wedding,21819348,2633,7591663,2013/04/26,4.5,90,32500000,0,0,0,1,0,0,0,0,0,0,0,0,1,0,0,0,0,0
Mud,21590086,960,2215891,2013/05/10,6.8,130,10000000,0,1,0,0,0,1,0,0,0,0,0,0,0,0,0,0,0,0
Baggage Claim,21569509,2230,9031102,2013/09/27,4.0,96,8500000,0,0,0,1,0,0,0,0,0,0,0,0,0,0,0,0,0,0
The Way Way Back,21506546,1001,552788,2013/07/26,6.3,103,5000000,0,0,0,1,0,1,0,0,0,0,0,0,0,0,0,0,0,0
The Book Thief,21488481,1316,105005,2013/11/27,6.6,131,19000000,0,0,0,0,0,1,0,0,0,0,0,0,0,0,0,0,0,0
The Place Beyond the Pines,21403519,1584,279457,2013/04/19,6.5,135,15000000,0,0,0,0,0,1,0,0,0,0,0,0,0,0,0,0,0,0
Homefront,20158898,2570,6915241,2013/11/27,5.4,100,22000000,1,0,0,0,0,0,0,0,0,0,0,0,0,0,0,1,0,0
Broken City,19701164,2622,8268908,2013/01/18,5.3,109,35000000,0,0,0,0,0,1,0,0,0,0,0,1,0,0,0,1,0,0
Beautiful Creatures,19452138,2950,7582595,2013/02/14,5.1,95,50000000,0,0,0,0,0,0,0,0,0,0,0,0,0,0,0,1,0,0
Runner Runner,19316646,3026,7706712,2013/10/4,8.1,117,30000000,1,0,0,0,0,0,0,0,0,0,0,0,0,1,0,0,0,0
The Impossible,19019882,886,143818,2013/01/11,6.8,107,40000000,0,0,0,0,0,1,0,0,0,0,0,0,0,0,0,0,0,0
You're Next,18494006,2437,7020196,2013/08/23,5.8,96,1000000,0,0,0,0,0,0,0,0,1,0,0,0,0,0,0,1,0,0
Quartet,18390117,725,47122,2013/03/1,6.0,95,11000000,0,0,0,1,0,1,0,0,0,0,0,0,0,0,0,0,0,0
Admission,18007317,2161,6154984,2013/03/22,4.5,117,13000000,0,0,0,1,0,0,0,0,0,0,0,0,1,0,0,0,0,0
Parker,17616641,2238,7008222,2013/01/25,5.3,118,35000000,1,0,0,0,0,0,0,0,0,0,0,0,0,0,0,1,0,0
Enough Said,17550872,835,232800,2013/10/11,6.2,92,8000000,0,0,0,1,0,0,0,0,0,0,0,0,1,0,0,0,0,0
Dark Skies,17418667,2313,8189166,2013/02/22,5.5,95,3500000,0,0,0,0,0,0,0,0,1,0,0,1,0,1,0,0,0,0
The Counselor,16973715,3044,7842930,2013/10/25,4.7,113,25000000,0,0,0,0,0,0,0,0,0,0,0,0,0,0,0,1,0,0
Jobs,16131410,2381,6713900,2013/08/16,5.2,122,18000000,0,0,0,0,0,1,0,0,0,0,0,0,0,0,0,0,0,0
Fruitvale Station,16101339,1086,386291,2013/07/26,6.4,90,900000,0,0,0,0,0,1,0,0,0,0,0,0,0,0,0,0,0,0
About Time,15322921,1280,1076250,2013/11/8,7.0,123,12000000,0,0,0,1,0,0,1,0,0,0,0,0,1,0,0,0,0,0
The Last Exorcism Part II,15179302,2700,7728354,2013/03/1,3.4,90,4000000,0,0,0,0,0,0,0,0,1,0,0,0,0,0,0,0,0,0
Spring Breakers,14124284,1379,263002,2013/03/22,4.9,94,5000000,0,0,0,0,0,1,0,0,0,0,0,0,0,0,0,1,0,0
Out of the Furnace,11330849,2101,5220288,2013/12/6,6.4,116,22000000,0,0,0,0,0,1,0,0,0,0,0,0,0,0,0,1,0,0
Dead Man Down,10895295,2188,5345250,2013/03/8,5.7,110,30000000,1,0,0,0,0,0,0,0,0,0,0,0,0,0,0,1,0,0
Bullet to the Head,9489829,2404,4548201,2013/02/1,5.0,91,55000000,1,0,0,0,0,0,0,0,0,0,0,0,0,0,0,1,0,0
Peeples,9177065,2041,4611534,2013/05/10,4.2,95,11000000,0,0,0,1,0,0,0,0,0,0,0,0,0,0,0,0,0,0
Battle of the Year,8888355,2008,4603177,2013/09/20,4.4,109,20000000,0,0,0,0,0,1,0,0,0,0,1,0,0,0,0,0,0,0
Movie 43,8840453,2023,4805878,2013/01/25,4.1,90,10000000,0,0,0,1,0,0,0,0,0,0,0,0,0,0,0,0,0,0
Mandela: Long Walk to Freedom,8323085,1010,84283,2013/12/25,6.3,139,35000000,0,0,0,0,0,1,0,0,0,0,0,0,0,0,0,0,0,0
Machete Kills,8008161,2538,3837183,2013/10/11,4.6,107,20000000,1,0,0,0,0,0,0,0,0,0,0,0,0,0,0,1,0,0
Promised Land,7597898,1676,173915,2013/01/4,6.0,106,15000000,0,0,0,0,0,1,0,0,0,0,0,0,0,0,0,0,0,0
Paranoia,7388654,2459,3528376,2013/08/16,4.7,106,40000000,0,0,0,0,0,1,0,0,0,0,0,0,0,0,0,1,0,0
Black Nativity,7018189,1525,3669530,2013/11/27,4.4,93,17500000,0,0,0,0,0,1,0,0,0,0,1,0,0,0,0,0,0,0
The Spectacular Now,6854611,770,197415,2013/09/13,6.2,95,2500000,0,0,0,0,0,1,0,0,0,0,0,0,1,0,0,0,0,0
The Company You Keep,5133027,807,131718,2013/04/26,5.5,125,2000000,0,0,0,0,0,0,0,0,0,0,0,0,0,0,0,1,0,0
The Fifth Estate,3255008,1769,1673351,2013/10/18,5.4,124,26000000,0,0,0,0,0,1,0,0,0,0,0,0,0,0,0,0,0,0
Phantom,1034589,1118,508000,2013/03/1,6.2,130,18000000,0,1,0,0,0,0,0,0,0,0,0,0,0,1,0,0,0,0
Guardians of the Galaxy,333176600,4088,94320883,2014/08/1,6.9,118,170000000,1,1,0,1,0,0,0,0,0,0,0,0,0,1,0,0,0,0
Captain America: The Winter Soldier,259766572,3938,95023721,2014/04/4,6.6,136,170000000,1,0,0,0,0,0,0,0,0,0,0,0,0,0,0,1,0,0
The Lego Movie,257760692,3890,69050279,2014/02/7,6.7,100,60000000,1,1,1,1,0,0,0,0,0,0,0,0,0,0,0,0,0,0
The Hobbit: The Battle of the Five Armies,255119788,3875,54724334,2014/12/17,6.3,144,250000000,1,1,0,0,0,0,1,0,0,0,0,0,0,0,0,0,0,0
Transformers: Age of Extinction,245439076,4233,100038390,2014/06/27,4.5,165,210000000,1,1,0,1,0,0,0,0,0,0,0,0,0,1,0,0,0,0
Maleficent,241410378,3948,69431298,2014/05/30,6.0,97,180000000,0,1,0,0,0,0,1,0,0,0,0,0,0,0,0,0,0,0
X-Men: Days of Future Past,233921534,4001,90823660,2014/05/23,6.9,130,200000000,1,0,0,0,0,0,1,0,0,0,0,0,0,1,0,0,0,0
Big Hero 6,222527828,3773,56215889,2014/11/7,7.0,108,165000000,1,0,1,1,0,0,1,0,0,0,0,0,0,1,0,0,0,0
Dawn of the Planet of the Apes,208545589,3969,72611427,2014/07/11,6.6,130,170000000,1,0,0,0,0,0,0,0,0,0,0,0,0,1,0,0,0,0
The Amazing Spider-Man 2,202853933,4324,91608337,2014/05/2,5.7,142,200000000,1,1,0,0,0,0,1,0,0,0,0,0,0,0,0,0,0,0
Godzilla,200676069,3952,93188384,2014/05/16,5.0,123,160000000,1,0,0,0,0,1,0,0,0,0,0,0,0,1,0,0,0,0
22 Jump Street,191719337,3426,57071445,2014/06/13,5.3,120,50000000,1,0,0,1,0,0,0,0,0,0,0,0,0,0,0,0,0,0
Teenage Mutant Ninja Turtles,191204754,3980,65575105,2014/08/8,4.8,101,125000000,1,0,0,0,0,0,0,0,0,0,0,0,0,1,0,0,0,0
Interstellar,188020017,3561,47510360,2014/11/7,7.9,169,165000000,0,1,0,0,0,1,0,0,0,0,0,0,0,1,0,0,0,0
How to Train Your Dragon 2,177002924,4268,49451322,2014/06/13,6.9,102,145000000,0,1,1,0,0,0,1,0,0,0,0,0,0,0,0,0,0,0
Gone Girl,167767189,3284,37513109,2014/10/3,7.3,149,61000000,0,0,0,0,0,0,0,0,0,0,0,1,0,0,0,1,0,0
Divergent,150947895,3936,54607747,2014/03/21,5.5,140,85000000,1,1,0,0,0,0,0,0,0,0,0,0,1,1,0,0,0,0
Neighbors,150157400,3311,49033915,2014/05/9,5.1,96,18000000,0,0,0,1,0,0,0,0,0,0,0,0,0,0,0,0,0,0
Ride Along,134938200,2867,41516170,2014/01/17,4.7,100,25000000,1,0,0,1,0,0,0,0,0,0,0,0,0,0,0,0,0,0
Rio 2,131538435,3975,39327869,2014/04/11,5.4,101,130000000,0,1,1,1,0,0,0,0,0,1,0,0,0,0,0,0,0,0
Into the Woods,128002372,2833,31051923,2014/12/25,5.2,121,56200000,0,0,0,1,0,0,1,0,0,0,1,0,0,0,0,0,0,0
Lucy,126663600,3202,43899340,2014/07/25,5.2,90,40000000,1,0,0,0,0,0,1,0,0,0,0,0,0,1,0,1,0,0
Lone Survivor,125095601,3285,90872,2014/01/10,6.4,120,40000000,1,0,0,0,0,1,0,0,0,0,0,0,0,0,0,0,1,0
The Fault in Our Stars,124872350,3340,48002523,2014/06/6,6.6,125,12000000,0,0,0,0,0,1,0,0,0,0,0,0,1,0,0,0,0,0
Night at the Museum: Secret of the Tomb,113746621,3914,17100520,2014/12/19,4.9,97,127000000,0,1,0,1,0,0,1,0,0,0,0,0,0,0,0,0,0,0
Mr. Peabody & Sherman,111506430,3951,32207057,2014/03/7,5.9,92,145000000,0,1,1,1,0,0,0,0,0,0,0,0,0,1,0,0,0,0
300: Rise of an Empire,106580051,3490,45038460,2014/03/7,5.4,102,110000000,1,0,0,0,0,0,0,0,0,0,0,0,0,0,0,0,1,0
The Maze Runner,102427862,3638,32512804,2014/09/19,5.9,113,34000000,1,1,0,0,0,0,0,0,0,0,0,0,0,1,0,0,0,0
The Equalizer,101530738,3236,34137828,2014/09/26,6.2,128,55000000,1,0,0,0,0,0,0,0,0,0,0,0,0,0,0,1,0,0
Noah,101200044,3571,43720472,2014/03/28,5.1,138,130000000,0,1,0,0,0,1,1,0,0,0,0,0,0,0,0,0,0,0
Edge of Tomorrow,100206256,3505,28760246,2014/06/6,6.7,113,178000000,1,0,0,0,0,0,0,0,0,0,0,0,0,1,0,0,0,0
Heaven Is for Real,91443253,3048,22522221,2014/04/16,4.5,96,12000000,0,0,0,0,0,1,1,0,0,0,0,0,0,0,0,0,0,0
The Imitation Game,91125683,2402,479352,2014/12/25,7.2,114,15000000,0,0,0,0,0,1,0,0,0,0,0,0,0,0,0,1,0,0
Dumb and Dumber To,86208010,3188,36111775,2014/11/14,4.3,109,40000000,0,0,0,1,0,0,0,0,0,0,0,0,0,0,0,0,0,0
Annie,85911262,3197,15861939,2014/12/19,8.0,94,65000000,0,0,0,1,0,0,0,0,0,0,0,0,1,0,0,0,0,0
Fury,85817906,3313,23702421,2014/10/17,6.6,128,80000000,1,0,0,0,0,0,0,0,0,0,0,0,0,0,0,0,1,0
Tammy,84525432,3465,21577049,2014/07/2,4.2,93,20000000,0,0,0,1,0,0,0,0,0,0,0,0,0,0,0,0,0,0
Annabelle,84273813,3215,37134255,2014/10/3,4.5,98,6500000,0,0,0,0,0,0,0,0,1,0,0,0,0,0,0,0,0,0
The Other Woman,83911193,3306,24763752,2014/04/25,4.5,84,40000000,0,0,0,1,0,0,0,0,0,0,0,0,1,0,0,0,0,0
Penguins of Madagascar,83850911,3775,25447444,2014/11/26,5.4,92,132000000,0,1,1,1,0,0,0,0,0,0,0,0,0,0,0,0,0,0
The Monuments Men,78031620,3083,22003433,2014/02/7,5.2,118,70000000,1,0,0,0,0,1,0,0,0,0,0,0,0,0,0,0,1,0
Hercules,72688614,3595,29800263,2014/07/25,4.7,95,100000000,1,1,0,0,0,0,0,0,0,0,0,0,0,0,0,0,0,0
The Purge: Anarchy,71962800,2856,29816675,2014/07/18,5.7,103,9000000,1,0,0,0,0,0,0,0,1,0,0,0,0,0,0,1,0,0
Think Like a Man Too,65182182,2225,29241911,2014/06/20,4.2,106,24000000,0,0,0,1,0,0,0,0,0,0,0,0,1,0,0,0,0,0
Exodus: Gods and Kings,65014513,3503,24115934,2014/12/12,5.2,151,140000000,0,1,0,0,0,1,0,0,0,0,0,0,0,0,0,0,0,0
The Nut Job,64251541,3472,19423000,2014/01/17,4.9,86,30000000,1,0,1,1,0,0,0,0,0,0,0,0,0,0,0,0,0,0
The Grand Budapest Hotel,59301324,1467,811166,2014/03/28,7.3,99,31000000,0,1,0,1,0,0,0,0,0,0,0,0,0,0,0,0,0,0
RoboCop,58607007,3372,21681430,2014/02/12,5.0,113,120000000,1,0,0,0,0,0,0,0,0,0,0,0,0,1,0,0,0,0
Dracula Untold,56280355,2900,23514615,2014/10/10,4.9,92,70000000,0,0,0,0,0,1,0,0,1,0,0,0,0,0,0,0,0,0
Horrible Bosses 2,54445357,3400,15457418,2014/11/26,5.1,105,40000000,0,0,0,1,0,0,0,0,0,0,0,0,0,0,0,0,0,0
The Hundred-Foot Journey,54240821,2167,10979290,2014/08/8,6.1,117,22000000,0,0,0,1,0,1,0,0,0,0,0,0,0,0,0,0,0,0
No Good Deed,52543632,2175,24250283,2014/09/12,4.8,103,13200000,0,0,0,0,0,0,0,0,0,0,0,0,0,0,0,1,0,0
Muppets Most Wanted,51183113,3194,17005126,2014/03/21,5.2,112,55000000,0,0,0,1,0,0,0,0,0,0,1,0,0,0,0,0,0,0
The Boxtrolls,50837305,3464,17275239,2014/09/26,6.2,97,60000000,0,1,1,1,0,0,1,0,0,0,0,0,0,0,0,0,0,0
Jack Ryan: Shadow Recruit,50577412,3387,15451981,2014/01/17,5.3,105,60000000,0,0,0,0,0,0,0,0,0,0,0,0,0,0,0,1,0,0
If I Stay,50474843,3157,15679190,2014/08/22,5.4,106,11000000,0,0,0,0,0,1,0,0,0,0,0,0,1,0,0,0,0,0
The Book of Life,50151543,3113,17005218,2014/10/17,5.5,63,50000000,0,0,0,1,0,0,0,0,0,0,0,0,0,0,0,0,0,0
About Last Night,48637684,2253,25649011,2014/02/14,4.9,100,13000000,0,0,0,1,0,1,0,0,0,0,0,0,1,0,0,0,0,0
Into the Storm,47602194,3434,17346427,2014/08/8,4.6,87,50000000,1,0,0,0,0,1,0,0,0,0,0,0,0,0,0,0,0,0
Jersey Boys,47047013,2905,13319371,2014/06/20,6.0,134,40000000,0,0,0,0,0,1,0,0,0,0,0,0,0,0,0,0,0,0
Blended,46294610,3555,14284031,2014/05/23,5.1,117,45000000,0,0,0,1,0,0,0,0,0,0,0,0,1,0,0,0,0,0
The Giver,45090374,3003,12305016,2014/08/15,5.6,94,25000000,0,0,0,0,0,1,1,0,0,0,0,0,0,1,0,0,0,0
St. Vincent,44137712,2552,109878,2014/10/24,6.5,103,13000000,0,0,0,1,0,1,0,0,0,0,0,0,0,0,0,0,0,0
Need for Speed,43577636,3115,17844939,2014/03/14,5.0,130,66000000,1,0,0,0,0,0,0,0,0,0,0,0,0,0,0,0,0,0
A Million Ways to Die in the West,43139300,3160,16797385,2014/05/30,4.8,116,40000000,0,0,0,1,0,0,0,0,0,0,0,0,0,0,0,0,0,1
John Wick,43037835,2589,14415922,2014/10/24,6.3,101,30000000,1,0,0,0,0,0,0,0,0,0,0,0,0,0,0,1,0,0
Birdman or (The Unexpected Virtue of Ignorance),42340598,1213,424397,2014/11/14,7.0,118,18000000,0,0,0,1,0,1,0,0,0,0,0,0,0,0,0,0,0,0
Dolphin Tale 2,42024533,3656,15873397,2014/09/12,5.1,107,36000000,0,0,0,0,0,1,0,0,0,1,0,0,0,0,0,0,0,0
The Expendables 3,39322544,3221,15879645,2014/08/15,5.1,123,100000000,1,0,0,0,0,0,0,0,0,0,0,0,0,0,0,0,0,0
Earth to Echo,38934842,3230,8364658,2014/07/2,4.9,89,13000000,0,1,0,0,0,0,0,0,0,0,0,0,0,1,0,0,0,0
Sex Tape,38543473,3062,14608152,2014/07/18,3.9,94,40000000,0,0,0,1,0,0,0,0,0,0,0,0,0,0,0,0,0,0
Wild,37880356,1361,606810,2014/12/19,7.6,140,15000000,0,1,0,0,0,1,0,0,0,0,0,0,0,0,0,0,0,0
August: Osage County,37738810,2411,179302,2014/01/10,6.7,121,25000000,0,0,0,0,0,1,0,0,0,0,0,0,0,0,0,0,0,0
Million Dollar Arm,36457627,3019,10515659,2014/05/16,5.7,123,25000000,0,0,0,0,0,1,0,0,0,0,0,0,0,0,0,0,0,0
This Is Where I Leave You,34296320,2868,11558149,2014/09/19,5.4,103,20000000,0,0,0,1,0,0,0,0,0,0,0,0,0,0,0,0,0,0
The Gambler,33680992,2494,9129999,2014/12/25,5.9,110,25000000,0,0,0,0,0,1,0,0,0,0,0,0,0,0,0,1,0,0
Paranormal Activity: The Marked Ones,32462372,2883,18343611,2014/01/3,4.3,84,5000000,0,0,0,0,0,0,0,0,1,0,0,0,0,0,0,0,0,0
Nightcrawler,32381217,2766,10441000,2014/10/31,7.3,113,8500000,0,0,0,0,0,0,0,0,0,0,0,0,0,0,0,1,0,0
Get on Up,30703100,2469,13585915,2014/08/1,6.3,138,30000000,0,0,0,0,0,1,0,0,0,0,0,0,0,0,0,0,0,0
3 Days to Kill,30697999,2872,12242218,2014/02/21,4.9,117,28000000,1,0,0,0,0,0,0,0,0,0,0,0,0,0,0,1,0,0
Deliver Us from Evil,30577122,3049,9740471,2014/07/2,6.4,100,30000000,0,0,0,0,0,0,0,0,0,0,0,0,0,0,0,1,0,0
When the Game Stands Tall,30127963,2766,8381509,2014/08/22,5.5,111,15000000,0,0,0,0,0,1,0,0,0,0,0,0,0,0,0,0,0,0
Draft Day,28842237,2781,9783603,2014/04/11,6.1,109,25000000,0,0,0,0,0,1,0,0,0,0,0,0,0,0,0,0,0,0
Oculus,27695246,2648,12005402,2014/04/11,5.6,105,5000000,0,0,0,0,0,0,0,0,1,0,0,1,0,0,0,1,0,0
The Best of Me,26766213,2936,10003827,2014/10/17,5.3,117,26000000,0,0,0,0,0,1,0,0,0,0,0,0,1,0,0,0,0,0
A Walk Among the Tombstones,26307600,2714,12758780,2014/09/19,5.8,114,28000000,0,0,0,0,0,0,0,0,0,0,0,1,0,0,0,1,0,0
That Awkward Moment,26068955,2809,8742109,2014/01/31,4.7,94,8000000,0,0,0,1,0,0,0,0,0,0,0,0,0,0,0,0,0,0
Her,25568251,1729,260382,2014/01/10,7.5,126,23000000,0,0,0,0,0,1,0,0,0,0,0,0,1,1,0,0,0,0
Boyhood,25352281,775,387618,2014/08/15,7.3,159,4000000,0,0,0,0,0,1,0,0,0,0,0,0,0,0,0,0,0,0
Top Five,25317471,1426,6896593,2014/12/12,5.5,101,12000000,0,0,0,1,0,0,0,0,0,0,0,0,0,0,0,0,0,0
The November Man,25018119,2776,7911597,2014/08/27,5.2,108,15000000,1,0,0,0,0,0,0,0,0,0,0,0,0,0,0,1,0,0
Endless Love,23438250,2896,13307125,2014/02/14,4.8,116,20000000,0,0,0,0,0,1,0,0,0,0,0,0,1,0,0,0,0,0
Transcendence,23022309,3455,10886386,2014/04/18,5.2,119,100000000,1,0,0,0,0,1,0,0,0,0,0,1,0,1,0,0,0,0
Brick Mansions,20396829,2647,9516855,2014/04/25,4.5,90,28000000,1,0,0,0,0,1,0,0,0,0,0,0,0,0,0,0,0,0
The Legend of Hercules,18848538,2104,8868318,2014/01/10,3.3,99,70000000,1,0,0,0,0,0,1,0,0,0,0,0,0,0,0,0,0,0
Nebraska,17654912,968,140401,2014/01/24,7.4,115,12000000,0,0,0,1,0,1,0,0,0,0,0,0,0,0,0,0,0,0
Addicted,17390770,1037,7485346,2014/10/10,3.6,105,5000000,0,0,0,0,0,1,0,0,0,0,0,0,0,0,0,1,0,0
A Haunted House 2,17329486,2310,8843875,2014/04/18,3.7,87,4000000,0,0,0,1,0,0,0,0,1,0,0,0,0,0,0,0,0,0
A Most Wanted Man,17237855,801,2687227,2014/08/1,6.2,121,15000000,0,0,0,0,0,0,0,0,0,0,0,0,0,0,0,1,0,0
Begin Again,16170632,1302,134064,2014/07/11,6.8,104,8000000,0,0,0,0,0,1,0,0,0,0,0,0,1,0,0,0,0,0
Devil's Due,15821461,2544,8308220,2014/01/17,3.4,89,7000000,0,0,0,0,0,0,0,0,1,0,0,0,0,0,0,0,0,0
And So It Goes,15160801,1816,4642329,2014/07/25,4.8,94,18000000,0,0,0,1,0,1,0,0,0,0,0,0,1,0,0,0,0,0
Beyond the Lights,14618727,1789,6200284,2014/11/14,5.7,116,7000000,0,0,0,0,0,1,0,0,0,0,0,0,1,0,0,0,0,0
Sin City: A Dame to Kill For,13757804,2894,6317683,2014/08/22,5.7,102,65000000,1,0,0,0,0,0,0,1,0,0,0,0,0,0,0,1,0,0
Labor Day,13371528,2584,5175282,2014/01/31,6.0,112,18000000,0,0,0,0,0,1,0,0,0,0,0,1,1,0,0,0,0,0
Inside Llewyn Davis,13235319,729,405411,2014/01/10,6.7,105,11000000,0,0,0,0,0,1,0,0,0,0,0,0,0,0,0,0,0,0
The Drop,10724389,1192,4104552,2014/09/12,6.4,106,12600000,0,0,0,0,0,1,0,0,0,0,0,0,0,0,0,1,0,0
Sabotage,10508518,2486,5272444,2014/03/28,6.7,76,35000000,0,0,0,0,0,0,0,0,0,0,0,1,0,0,0,1,0,0
Bad Words,7779614,1074,113301,2014/03/28,5.6,86,10000000,0,0,0,1,0,0,0,0,0,0,0,0,0,0,0,0,0,0
The Railway Man,4438438,600,61845,2014/05/23,5.9,111,18000000,0,0,0,0,0,1,0,0,0,0,0,0,0,0,0,0,0,0
Wish I Was Here,3591299,753,484401,2014/07/25,5.6,110,6000000,0,0,0,1,0,1,0,0,0,0,0,0,0,0,0,0,0,0
Before I Go to Sleep,3242457,1902,1843347,2014/10/31,5.4,92,22000000,0,0,0,0,0,0,0,0,0,0,0,1,0,0,0,1,0,0
Tusk,1826705,602,846831,2014/09/19,4.2,119,3000000,0,0,0,0,0,1,0,0,0,0,0,0,0,0,0,0,0,0
The Rover,1114423,608,69302,2014/06/20,5.7,107,8500000,0,0,0,0,0,1,0,0,0,0,0,0,0,0,0,0,0,0
23 Blast,549185,617,337091,2014/10/24,5.2,98,1000000,0,0,0,0,0,1,0,0,0,0,0,0,0,0,0,0,0,0
Jurassic World,652270625,4291,208806270,2015/06/12,5.8,124,215000000,1,1,0,0,0,0,0,0,0,0,0,0,0,1,0,0,0,0
Avengers: Age of Ultron,459005868,4276,191271109,2015/05/1,6.3,141,365000000,1,1,0,0,0,0,1,0,0,0,0,0,0,1,0,0,0,0
Furious 7,353007020,4022,147187040,2015/04/3,5.8,137,190000000,1,0,0,0,0,0,0,0,0,0,0,0,0,0,0,0,0,0
American Sniper,350126372,3885,633456,2015/01/16,6.4,132,58000000,0,0,0,0,0,1,0,0,0,0,0,0,0,0,0,0,1,0
Minions,336045770,4311,115718405,2015/07/10,5.7,91,74000000,0,0,1,1,0,0,0,0,0,0,0,0,0,0,0,0,0,0
The Hunger Games: Mockingjay - Part 2,281723902,4175,102665981,2015/11/20,5.6,137,160000000,1,1,0,0,0,0,0,0,0,0,0,0,0,1,0,1,0,0
The Martian,228433663,3854,54308575,2015/10/2,7.0,142,108000000,0,0,0,0,0,1,0,0,0,0,0,0,0,1,0,0,0,0
Cinderella,201151353,3848,67877361,2015/03/13,4.4,112,95000000,0,0,0,1,0,0,1,0,0,0,1,0,1,0,0,0,0,0
Spectre,200074609,3929,70403148,2015/11/6,6.0,148,300000000,1,1,0,0,0,0,0,0,0,0,0,0,0,0,0,1,0,0
Pitch Perfect 2,184296230,3660,69216890,2015/05/15,5.3,115,29000000,0,0,0,1,0,0,0,0,0,0,0,0,0,0,0,0,0,0
Ant-Man,180202163,3868,57225526,2015/07/17,6.2,117,130000000,1,0,0,1,0,0,1,0,0,0,0,0,0,1,0,0,0,0
Home,177397510,3801,52107731,2015/03/27,5.7,100,130000000,0,0,0,1,0,0,0,0,0,1,0,0,0,0,0,0,0,0
Hotel Transylvania 2,169700110,3768,48464322,2015/09/25,5.7,83,80000000,0,0,1,1,0,0,1,0,0,0,0,0,0,0,0,0,0,0
Fifty Shades of Grey,166167230,3655,85171450,2015/02/13,3.6,124,40000000,0,0,0,0,0,1,0,0,0,0,0,0,1,0,0,0,0,0
The SpongeBob Movie: Sponge Out of Water,162994032,3680,55365012,2015/02/6,5.1,93,74000000,0,0,1,1,0,0,0,0,0,0,0,0,0,0,0,0,0,0
Straight Outta Compton,161197785,3142,60200180,2015/08/14,7.0,147,28000000,0,0,0,0,0,1,0,0,0,0,0,0,0,0,0,0,0,0
San Andreas,155190832,3812,54588173,2015/05/29,4.7,114,110000000,1,1,0,0,0,0,0,0,0,0,0,0,0,0,0,0,0,0
Mad Max: Fury Road,153636354,3722,45428128,2015/05/15,7.1,120,150000000,1,0,0,0,0,0,0,0,0,0,0,0,0,1,0,0,0,0
The Divergent Series: Insurgent,130179072,3875,52263680,2015/03/20,5.3,119,110000000,1,0,0,0,0,0,0,0,0,0,0,0,1,1,0,0,0,0
The Peanuts Movie,130178411,3902,44213073,2015/11/6,6.2,93,99000000,0,1,1,1,0,0,0,0,0,0,0,0,0,0,0,0,0,0
Kingsman: The Secret Service,128261724,3282,36206331,2015/02/13,6.8,129,94000000,1,0,0,1,0,0,0,0,0,0,0,0,0,0,0,1,0,0
The Good Dinosaur,123087120,3749,39155217,2015/11/25,6.2,100,187500000,0,1,1,1,0,0,0,0,0,0,0,0,0,0,0,0,0,0
Trainwreck,110212700,3171,30097040,2015/07/17,5.1,125,35000000,0,0,0,1,0,1,0,0,0,0,0,0,1,0,0,0,0,0
Creed,109767581,3502,29632823,2015/11/25,6.6,132,37000000,0,0,0,0,0,1,0,0,0,0,0,0,0,0,0,0,0,0
Tomorrowland,93436322,3972,33028165,2015/05/22,5.6,130,170000000,0,1,0,0,0,0,0,0,0,0,0,0,0,1,0,0,0,0
Taken 3,89256424,3594,39201657,2015/01/9,5.1,109,48000000,1,0,0,0,0,0,0,0,0,0,0,0,0,0,0,1,0,0
Alvin and the Chipmunks: The Road Chip,85886987,3705,14287159,2015/12/18,3.9,86,90000000,0,1,1,1,0,0,1,0,0,0,1,0,0,0,0,0,0,0
Maze Runner: The Scorch Trials,81697192,3792,30316510,2015/09/18,5.2,131,61000000,1,0,0,0,0,0,0,0,0,0,0,0,0,1,0,0,0,0
Ted 2,81476385,3448,33507870,2015/06/26,5.1,115,68000000,0,0,0,1,0,0,1,0,0,0,0,0,0,0,0,0,0,0
Goosebumps,80080379,3618,23618556,2015/10/16,5.2,103,58000000,0,1,0,0,0,0,1,0,1,0,0,0,0,0,0,0,0,0
Pixels,78747585,3723,24011616,2015/07/24,4.7,105,90000000,0,0,0,1,0,0,0,0,0,0,0,0,0,1,0,0,0,0
Paddington,76271832,3355,18966676,2015/01/16,6.1,95,55000000,0,1,0,1,0,0,0,0,0,1,0,0,0,0,0,0,0,0
Bridge of Spies,72313754,2873,15371203,2015/10/16,6.8,135,40000000,0,0,0,0,0,1,0,0,0,0,0,0,0,0,0,1,0,0
Paul Blart: Mall Cop 2,71038190,3633,23762435,2015/04/17,3.4,94,38000000,0,0,0,1,0,0,0,0,0,0,0,0,0,0,0,0,0,0
The Big Short,70259870,2529,705527,2015/12/23,6.8,123,28000000,0,0,0,0,0,1,0,0,0,0,0,0,0,0,0,0,0,0
War Room,67790117,1945,11351389,2015/08/28,4.9,120,3000000,0,0,0,0,0,1,0,0,0,0,0,0,0,0,0,0,0,0
Magic Mike XXL,66013057,3376,12857184,2015/07/1,4.2,115,14500000,0,0,0,1,0,0,0,0,0,0,0,0,0,0,0,0,0,0
The Visit,65206105,3148,25427560,2015/09/11,5.9,94,5000000,0,0,0,0,0,0,0,0,1,0,0,1,0,0,0,0,0,0
The Wedding Ringer,64460211,3003,20649306,2015/01/16,5.3,98,23000000,0,0,0,1,0,0,0,0,0,0,0,0,0,0,0,0,0,0
Black Mass,62575678,3188,22635037,2015/09/18,6.1,122,53000000,0,0,0,0,0,1,0,0,0,0,0,0,0,0,0,1,0,0
Vacation,58884188,3430,14681108,2015/07/29,5.4,103,31000000,0,1,0,1,0,0,0,0,0,0,0,0,0,0,0,0,0,0
The Perfect Guy,57027435,2230,25888154,2015/09/11,4.3,100,18000000,0,0,0,0,0,0,0,0,0,0,0,0,0,0,0,1,0,0
The Hateful Eight,54117416,2938,4610676,2015/12/30,7.3,167,62000000,0,0,0,0,0,0,0,0,0,0,0,1,0,0,0,0,0,1
Focus,53862963,3323,18685137,2015/02/27,5.5,104,65000000,0,0,0,0,0,0,0,0,0,0,0,0,0,0,0,1,0,0
Southpaw,52421953,2772,16701294,2015/07/24,6.5,124,30000000,1,0,0,0,0,1,0,0,0,0,0,0,0,0,0,0,0,0
Selma,52076908,2235,571450,2015/01/9,6.6,123,20000000,0,0,0,0,0,1,0,0,0,0,0,0,0,0,0,0,0,0
Poltergeist,47425125,3242,22620386,2015/05/22,4.2,93,35000000,0,0,0,0,0,0,1,0,1,0,0,0,0,0,0,0,0,0
Jupiter Ascending,47387723,3181,18372372,2015/02/6,4.4,127,179000000,1,1,0,0,0,0,1,0,0,0,0,0,0,1,0,0,0,0
Sicario,46889293,2620,401288,2015/10/2,6.9,121,30000000,1,0,0,0,0,1,0,0,0,0,0,0,0,0,0,1,0,0
The Man from U.N.C.L.E.,45445109,3673,13421036,2015/08/14,6.4,116,75000000,1,0,0,0,0,0,0,0,0,0,0,0,0,0,0,1,0,0
Spotlight,45055776,1227,295009,2015/11/25,7.3,121,20000000,0,0,0,0,0,1,0,0,0,0,0,0,0,0,0,0,0,0
The Gift,43787265,2503,11854273,2015/08/7,5.7,106,10000000,0,0,0,0,0,0,0,0,0,0,0,1,0,0,0,0,0,0
Everest,43482270,3009,7222035,2015/09/25,6.3,118,65000000,0,1,0,0,0,1,0,0,0,0,0,0,0,0,0,0,0,0
The Night Before,43047372,2960,9880536,2015/11/20,5.2,101,25000000,0,0,0,1,0,0,0,0,0,0,0,0,0,0,0,0,0,0
Krampus,42725475,2919,16293325,2015/12/4,4.9,98,15000000,0,0,0,1,0,0,1,0,1,0,0,0,0,0,0,0,0,0
Max,42656255,2870,12155254,2015/06/26,7.1,120,20000000,1,0,0,0,0,0,0,0,0,0,0,0,0,1,0,0,0,0
The Age of Adaline,42629776,3070,13203458,2015/04/24,6.0,112,30000000,0,0,0,0,0,1,1,0,0,0,0,0,1,0,0,0,0,0
Brooklyn,38322743,962,187281,2015/11/27,6.6,111,11000000,0,0,0,0,0,1,0,0,0,0,0,0,1,0,0,0,0,0
The Longest Ride,37446117,3371,13019686,2015/04/10,5.6,139,34000000,0,0,0,0,0,1,0,0,0,0,0,0,1,0,0,0,0,0
The Boy Next Door,35423380,2615,14910105,2015/01/23,3.7,91,4000000,0,0,0,0,0,0,0,0,0,0,0,1,0,0,0,1,0,0
Pan,35088320,3515,15315435,2015/10/9,7.3,112,150000000,0,0,0,0,0,1,1,0,0,0,0,0,0,0,0,1,0,0
Hot Pursuit,34580201,3037,13942258,2015/05/8,4.9,93,35000000,0,0,0,1,0,0,0,0,0,0,0,0,0,0,0,0,0,0
Concussion,34542474,2841,10513749,2015/12/25,5.3,93,35000000,0,0,0,0,0,1,0,0,0,0,0,0,0,0,0,0,0,0
The DUFF,34030343,2622,10809149,2015/02/20,5.2,101,8500000,0,0,0,1,0,0,0,0,0,0,0,0,1,0,0,0,0,0
Woman in Gold,33307793,2011,2091551,2015/04/10,6.3,107,11000000,0,0,0,0,0,1,0,0,0,0,0,0,0,0,0,0,0,0
The Second Best Exotic Marigold Hotel,33078266,2022,8540370,2015/03/6,5.4,122,10000000,0,0,0,1,0,1,0,0,0,0,0,0,0,0,0,0,0,0
Unfriended,32482090,2775,15845115,2015/04/17,4.8,82,1000000,0,0,0,0,0,0,0,0,1,0,0,0,0,0,0,1,0,0
Entourage,32363404,3108,10283250,2015/06/3,6.0,104,30000000,0,0,0,1,0,1,0,0,0,0,0,0,0,0,0,0,0,0
Paper Towns,32000304,3031,12650140,2015/07/24,5.3,109,12000000,0,0,0,1,0,1,0,0,0,0,0,1,1,0,0,0,0,0
Chappie,31569268,3201,13346782,2015/03/6,5.8,120,49000000,1,0,0,0,0,0,0,0,0,0,0,0,0,1,0,1,0,0
Crimson Peak,31090320,2991,13143310,2015/10/16,5.8,119,55000000,0,0,0,0,0,0,1,0,1,0,0,0,1,0,0,1,0,0
A Walk in the Woods,29504281,2158,8246267,2015/09/2,5.5,98,8000000,0,1,0,1,0,0,0,0,0,0,0,0,0,0,0,0,0,0
Point Break,28782481,2910,9800252,2015/12/25,4.5,113,100000000,1,0,0,0,0,0,0,0,0,0,0,0,0,0,0,1,0,0
Sinister 2,27740955,2799,10542116,2015/08/21,4.3,97,10000000,0,0,0,0,0,0,0,0,1,0,0,0,0,0,0,0,0,0
The Last Witch Hunter,27367660,3082,10812861,2015/10/23,4.6,106,80000000,0,0,0,0,0,0,1,0,1,0,0,0,0,0,0,0,0,0
No Escape,27288872,3415,8111264,2015/08/26,4.9,118,5000000,1,0,0,0,0,0,0,0,0,0,0,0,0,1,0,1,0,0
Ricki and the Flash,26822144,2064,6610961,2015/08/7,5.1,101,18000000,0,0,0,1,0,1,0,0,0,0,0,0,0,0,0,0,0,0
Run All Night,26461644,3171,11012305,2015/03/13,5.9,114,50000000,1,0,0,0,0,0,0,0,0,0,0,0,0,0,0,1,0,0
Love the Coopers,26302731,2603,8317545,2015/11/13,4.6,107,18000000,0,0,0,1,0,0,0,0,0,0,0,0,0,0,0,0,0,0
The Lazarus Effect,25801570,2666,10203437,2015/02/27,3.9,83,5000000,0,0,0,0,0,0,0,0,1,0,0,0,0,0,0,1,0,0
Ex Machina,25442958,2004,237264,2015/04/24,7.1,108,13000000,0,0,0,0,0,1,0,0,0,0,0,0,0,1,0,1,0,0
In the Heart of the Sea,25020758,3103,11053366,2015/12/11,6.2,121,100000000,0,1,0,0,0,1,0,0,0,0,0,0,0,0,0,0,0,0
The Gallows,22764410,2720,9808463,2015/07/10,3.7,81,100000,0,0,0,0,0,0,0,0,1,0,0,0,0,0,0,1,0,0
Hitman: Agent 47,22467450,3273,8326530,2015/08/21,4.5,96,35000000,1,0,0,0,0,0,0,0,0,0,0,0,0,0,0,1,0,0
Project Almanac,22348241,2900,8310252,2015/01/30,5.6,106,12000000,0,1,0,0,0,0,0,0,0,0,0,0,0,1,0,0,0,0
Black or White,21571189,1823,6213362,2015/01/30,5.3,121,9000000,0,0,0,0,0,1,0,0,0,0,0,0,0,0,0,0,0,0
Aloha,21067116,2815,9670235,2015/05/29,4.3,105,37000000,0,0,0,1,0,0,0,0,0,0,0,0,1,0,0,0,0,0
Secret in Their Eyes,20180155,2392,6652996,2015/11/20,5.3,111,20000000,0,0,0,0,0,0,0,0,0,0,0,1,0,0,0,1,0,0
Still Alice,18754371,1318,197000,2015/02/20,6.8,101,5000000,0,0,0,0,0,1,0,0,0,0,0,0,0,0,0,0,0,0
Paranormal Activity: The Ghost Dimension,18300124,1656,8070493,2015/10/23,4.2,88,10000000,0,0,0,0,0,0,0,0,1,0,0,0,0,0,0,0,0,0
Steve Jobs,17766658,2493,521522,2015/10/23,6.1,121,30000000,0,0,0,0,0,1,0,0,0,0,0,0,0,0,0,0,0,0
Dope,17506470,2002,6100010,2015/06/19,6.2,103,7000000,0,0,0,1,0,1,0,0,0,0,0,0,0,0,0,0,0,0
Seventh Son,17223265,2875,7217640,2015/02/6,4.3,102,95000000,0,1,0,0,0,0,1,0,0,0,0,0,0,0,0,0,0,0
The Transporter Refueled,16029670,3434,7355622,2015/09/4,4.3,96,22000000,1,0,0,0,0,0,0,0,0,0,0,0,0,0,0,1,0,0
It Follows,14674076,1655,160089,2015/03/27,6.3,100,2000000,0,0,0,0,0,0,0,0,1,0,0,0,0,0,0,0,0,0
American Ultra,14440985,2778,5454284,2015/08/21,5.1,95,28000000,1,0,0,1,0,0,0,0,0,0,0,0,0,0,0,0,0,0
Woodlawn,14394097,1553,4002226,2015/10/16,5.1,123,13000000,0,0,0,0,0,1,0,0,0,0,0,0,0,0,0,0,0,0
Burnt,13651946,3003,5002521,2015/10/30,5.2,100,20000000,0,0,0,1,0,1,0,0,0,0,0,0,0,0,0,0,0,0
Hot Tub Time Machine 2,12314651,2901,5963324,2015/02/20,3.7,93,14000000,0,0,0,1,0,0,0,0,0,0,0,0,0,1,0,0,0,0
Self/less,12279691,2353,5403460,2015/07/10,5.4,116,26000000,1,0,0,0,0,0,1,0,0,0,0,0,0,1,0,1,0,0
Far from the Madding Crowd,12236500,902,164985,2015/05/22,7.0,169,15495600,0,0,0,0,0,1,0,0,0,0,0,0,1,0,0,0,0,0
The 33,12227722,2452,5787266,2015/11/13,5.8,127,25000000,0,0,0,0,0,1,0,0,0,0,0,0,0,0,0,0,0,0
Foxcatcher,12096300,759,270877,2015/01/16,6.3,130,24000000,0,0,0,0,0,1,0,0,0,0,0,0,0,0,0,0,0,0
Unfinished Business,10219501,2777,4772613,2015/03/6,6.4,95,35000000,0,0,0,1,0,0,0,0,0,0,0,0,1,0,0,0,0,0
The Walk,10137502,2509,1560299,2015/10/9,6.3,116,35000000,0,0,0,0,0,1,0,0,0,0,0,0,0,0,0,0,0,0
Inherent Vice,8110975,653,328184,2015/01/9,6.0,148,20000000,0,0,0,1,0,0,0,0,0,0,0,1,0,0,0,0,0,0
Blackhat,8005980,2568,3901815,2015/01/16,4.7,133,70000000,1,0,0,0,0,0,0,0,0,0,0,0,0,0,0,1,0,0
Trumbo,7857741,660,74177,2015/11/27,7.2,96,15000000,0,0,0,0,1,0,0,0,0,0,0,0,0,0,0,0,0,0
Mortdecai,7696134,2648,4200586,2015/01/23,4.2,106,60000000,1,0,0,1,0,0,0,0,0,0,0,0,0,0,0,0,0,0
While We're Young,7587485,762,227688,2015/04/17,5.7,97,10000000,0,0,0,1,0,1,0,0,0,0,0,0,0,0,0,0,0,0
The Green Inferno,7192291,1543,3520626,2015/09/25,4.9,103,1000000,0,1,0,0,0,0,0,0,1,0,0,0,0,0,0,0,0,0
Our Brand Is Crisis,7002261,2202,3238433,2015/10/30,6.8,87,28000000,0,0,0,0,1,0,0,0,0,0,0,0,0,0,0,0,0,0
Me and Earl and the Dying Girl,6758416,870,196496,2015/07/3,7.1,105,8000000,0,0,0,1,0,1,0,0,0,0,0,0,0,0,0,0,0,0
Little Boy,6485961,1045,2750356,2015/04/24,6.3,100,20000000,0,0,0,0,0,1,0,0,0,0,0,0,0,0,0,0,1,0
Victor Frankenstein,5775076,2797,2469341,2015/11/25,4.7,109,40000000,0,0,0,0,0,1,0,0,1,0,0,0,0,1,0,0,0,0
A Most Violent Year,5749134,818,172788,2015/01/30,6.6,124,20000000,0,0,0,0,0,1,0,0,0,0,0,0,0,0,0,1,0,0
Danny Collins,5637066,739,72459,2015/04/10,6.1,106,10000000,0,0,0,1,0,1,0,0,0,0,0,0,0,0,0,0,0,0
90 Minutes in Heaven,4842699,899,2035273,2015/09/11,3.8,121,5000000,0,0,0,0,0,1,0,0,0,0,0,0,0,0,0,0,0,0
Scouts Guide to the Zombie Apocalypse,3703046,1509,1841007,2015/10/30,5.4,90,15000000,0,0,0,1,0,0,0,0,1,0,0,0,0,0,0,0,0,0
We Are Your Friends,3591417,2333,1767308,2015/08/28,5.7,96,2000000,0,0,0,0,0,1,0,0,0,0,0,0,0,0,0,0,0,0
Rock the Kasbah,3020664,2012,1470592,2015/10/23,4.6,100,15000000,0,0,0,1,0,0,0,0,0,0,0,0,0,0,0,0,0,0
Truth,2541854,1122,66232,2015/10/30,6.1,30,9600000,0,0,1,1,0,0,0,0,0,0,0,0,0,0,0,0,0,0
My All-American,2246000,1565,1365000,2015/11/13,6.3,118,20000000,0,0,0,0,0,1,0,0,0,0,0,0,0,0,0,0,0,0
Jem and the Holograms,2184640,2417,1375320,2015/10/23,3.7,118,5000000,0,1,0,0,0,0,1,0,0,0,1,0,0,0,0,0,0,0
The Diary of a Teenage Girl,1477002,795,52334,2015/08/28,6.3,102,2000000,0,0,0,1,0,1,0,0,0,0,0,0,0,0,0,0,0,0
The D Train,673151,1009,469000,2015/05/8,4.7,97,3000000,0,0,0,1,0,1,0,0,0,0,0,0,0,0,0,0,0,0
Rogue One: A Star Wars Story,532177324,4157,155081681,2016/12/16,6.9,133,200000000,1,0,0,0,0,0,0,0,0,0,0,0,0,1,0,0,1,0
Finding Dory,486295561,4305,135060273,2016/06/17,6.6,103,200000000,0,1,1,1,0,0,0,0,0,0,0,0,0,0,0,0,0,0
Captain America: Civil War,408084349,4226,179139142,2016/05/6,6.8,147,250000000,1,0,0,0,0,0,1,0,0,0,0,0,0,0,0,1,0,0
The Secret Life of Pets,368384330,4381,104352905,2016/07/8,5.7,87,75000000,0,0,1,1,0,0,0,0,0,0,0,0,0,0,0,0,0,0
The Jungle Book,364001123,4144,103261464,2016/04/15,4.6,111,175000000,0,1,0,0,0,0,0,0,0,0,0,0,1,0,0,0,0,0
Deadpool,363070709,3856,132434639,2016/02/12,6.8,106,58000000,1,0,0,1,0,0,1,0,0,0,0,0,0,0,0,0,0,0
Zootopia,341268248,3959,75063401,2016/03/4,7.1,108,150000000,0,0,1,1,0,0,0,0,0,1,0,0,0,0,0,0,0,0
Batman v Superman: Dawn of Justice,330360194,4256,166007347,2016/03/25,5.5,153,263000000,1,0,0,0,0,0,1,0,0,0,0,0,0,1,0,0,0,0
Suicide Squad,325100054,4255,133682248,2016/08/5,4.7,123,175000000,1,0,0,0,0,0,1,0,0,0,0,0,0,0,0,1,0,0
Moana,248757044,3875,56631401,2016/11/23,6.8,113,150000000,0,1,1,0,0,0,1,0,0,0,1,0,0,0,0,0,0,0
Fantastic Beasts and Where to Find Them,234037575,4144,74403387,2016/11/18,6.2,133,180000000,0,1,0,0,0,0,1,0,0,0,0,0,0,0,0,0,0,0
Doctor Strange,232641920,3882,85058311,2016/11/4,6.5,115,165000000,1,0,0,1,0,0,1,0,0,0,0,0,0,0,0,0,0,0
The Revenant,183637894,3711,474560,2016/01/8,5.8,114,135000000,0,0,0,0,0,0,0,0,1,0,0,0,0,0,0,0,0,0
Jason Bourne,162434410,4039,59215365,2016/07/29,5.9,123,120000000,1,0,0,0,0,0,0,0,0,0,0,0,0,0,0,1,0,0
Star Trek Beyond,158848340,3928,59253211,2016/07/22,6.0,120,185000000,1,1,0,0,0,0,0,0,0,0,0,0,0,1,0,0,0,0
X-Men: Apocalypse,155442489,4153,65769562,2016/05/27,5.9,143,178000000,1,0,0,0,0,0,0,0,0,0,0,0,0,1,0,0,0,0
La La Land,151101803,3236,881104,2016/12/25,7.5,127,20000000,0,0,0,1,0,1,0,0,0,0,1,0,1,0,0,0,0,0
Kung Fu Panda 3,143528619,3987,41282042,2016/01/29,6.0,95,140000000,0,0,1,1,0,0,0,0,0,0,0,0,0,0,0,0,0,0
Ghostbusters,128350574,3963,46018755,2016/07/15,4.6,117,144000000,0,0,0,1,0,0,1,0,0,0,0,0,0,0,0,0,0,0
Central Intelligence,127440871,3508,35535250,2016/06/17,5.0,114,50000000,1,0,0,1,0,0,0,0,0,0,0,0,0,0,0,0,0,0
The Legend of Tarzan,126643061,3591,38527856,2016/07/1,5.2,109,180000000,0,1,0,0,0,0,0,0,0,0,0,0,0,0,0,0,0,0
Sully,125070033,3955,35028301,2016/09/9,6.6,96,60000000,0,0,0,0,0,1,0,0,0,0,0,0,0,0,0,0,0,0
Bad Moms,113257297,3215,23817340,2016/07/29,4.9,101,20000000,0,0,0,1,0,0,0,0,0,0,0,0,0,0,0,0,0,0
The Angry Birds Movie,107509366,3932,38155177,2016/05/20,5.1,97,73000000,0,0,1,1,0,0,0,0,0,0,0,0,0,0,0,0,0,0
Independence Day: Resurgence,103144286,4130,41039944,2016/06/24,4.2,119,165000000,1,0,0,0,0,0,0,0,0,0,0,0,0,1,0,0,0,0
Arrival,100546139,3115,24074047,2016/11/11,7.3,116,47000000,0,0,0,0,0,1,0,0,0,0,0,0,0,1,0,0,0,0
Passengers,100014699,3478,14869736,2016/12/21,4.8,94,110000000,0,0,0,0,0,0,0,0,0,0,0,1,0,0,0,1,0,0
Sausage Party,97685686,3135,34263534,2016/08/12,5.2,89,19000000,0,0,1,1,0,0,0,0,0,0,0,0,0,0,0,0,0,0
The Magnificent Seven,93432655,3696,34703397,2016/09/23,5.9,132,90000000,1,0,0,0,0,0,0,0,0,0,0,0,0,0,0,0,0,1
Ride Along 2,91221830,3192,35243095,2016/01/15,4.5,101,40000000,1,0,0,1,0,0,0,0,0,0,0,0,0,0,0,0,0,0
Teenage Mutant Ninja Turtles: Out of the Shadows,82051601,4071,35316382,2016/06/3,4.9,112,135000000,1,0,0,0,0,0,0,0,0,0,0,0,0,1,0,0,0,0
The Purge: Election Year,79213375,2821,31515110,2016/07/1,5.3,105,10000000,1,0,0,0,0,0,0,0,1,0,0,0,0,0,0,1,0,0
Alice Through the Looking Glass,77041381,3763,26858726,2016/05/27,5.4,113,170000000,0,0,0,0,0,0,1,0,0,0,0,0,0,0,0,0,0,0
Storks,72679278,3922,21311407,2016/09/23,5.8,87,70000000,0,0,1,1,0,0,0,0,0,1,0,0,0,0,0,0,0,0
10 Cloverfield Lane,72082998,3427,24727437,2016/03/11,6.4,103,15000000,0,0,0,0,0,0,0,0,1,0,0,1,0,1,0,1,0,0
Lights Out,67268835,2835,21688103,2016/07/22,5.2,81,5000000,0,0,0,0,0,0,0,0,1,0,0,0,0,0,0,0,0,0
Hacksaw Ridge,67209615,2971,15190758,2016/11/4,7.2,131,40000000,0,0,0,0,0,1,0,0,0,0,0,0,0,0,0,0,1,0
Now You See Me 2,65075540,3232,22383146,2016/06/10,5.1,129,90000000,0,0,0,1,0,0,0,0,0,0,0,0,0,0,0,1,0,0
London Has Fallen,62524260,3492,21635601,2016/03/4,4.8,99,60000000,1,0,0,0,0,0,0,0,0,0,0,0,0,0,0,1,0,0
Miracles from Heaven,61705123,3155,14812393,2016/03/16,5.2,109,13000000,0,0,0,0,0,1,0,0,0,0,0,0,0,0,0,0,0,0
Deepwater Horizon,61433527,3403,20223544,2016/09/30,6.0,107,156000000,1,0,0,0,0,1,0,0,0,0,0,0,0,0,0,0,0,0
My Big Fat Greek Wedding 2,59689605,3179,17861950,2016/03/25,4.6,94,18000000,0,0,0,1,0,0,0,0,0,0,0,0,1,0,0,0,0,0
Jack Reacher: Never Go Back,58697076,3780,22872490,2016/10/21,4.9,118,60000000,1,0,0,0,0,0,0,0,0,0,0,0,0,0,0,1,0,0
Fences,57682904,2368,129462,2016/12/25,6.3,139,24000000,0,0,0,0,0,1,0,0,0,0,0,0,0,0,0,0,0,0
Me Before You,56245075,2762,18723269,2016/06/3,6.3,110,20000000,0,0,0,0,0,0,0,0,0,0,0,0,1,0,0,0,0,0
The BFG,55483770,3392,18775350,2016/07/1,6.6,87,140000000,0,0,1,0,0,0,1,0,0,0,0,0,0,0,0,0,0,0
Neighbors 2: Sorority Rising,55455765,3416,21760405,2016/05/20,4.7,92,35000000,0,0,0,1,0,0,0,0,0,0,0,0,0,0,0,0,0,0
The Shallows,55124043,2962,16800868,2016/06/24,5.3,87,13000000,0,0,0,0,0,0,0,0,1,0,0,0,0,0,0,1,0,0
Office Christmas Party,54767494,3210,16890204,2016/12/9,4.5,105,45000000,0,0,0,1,0,0,0,0,0,0,0,0,0,0,0,0,0,0
Kubo and the Two Strings,48023088,3279,12608372,2016/08/19,7.2,101,55000000,0,1,1,0,0,0,1,0,0,0,0,0,0,0,0,0,0,0
Manchester by the Sea,47695371,1213,256498,2016/12/16,7.1,135,8500000,0,0,0,0,0,1,0,0,0,0,0,0,0,0,0,0,0,0
Warcraft,47365290,3406,24166110,2016/06/10,5.6,123,160000000,0,1,0,0,0,0,1,0,0,0,0,0,0,0,0,0,0,0
How to Be Single,46843513,3357,17878911,2016/02/12,4.8,110,37000000,0,0,0,1,0,0,0,0,0,0,0,0,1,0,0,0,0,0
Mike and Dave Need Wedding Dates,46009673,3008,16628170,2016/07/8,4.7,96,33000000,0,0,0,1,0,0,0,0,0,0,0,0,0,0,0,0,0,0
War Dogs,43034523,3258,14685305,2016/08/19,6.3,114,50000000,0,0,0,0,0,1,0,0,0,0,0,0,0,0,0,1,0,0
Almost Christmas,42158780,2379,15134235,2016/11/11,4.8,112,17000000,0,0,0,1,0,0,0,0,0,0,0,0,0,0,0,0,0,0
Money Monster,41012075,3104,14788157,2016/05/13,5.7,100,27000000,0,0,0,0,0,1,0,0,0,0,0,0,0,0,0,1,0,0
Allied,40098064,3160,12701743,2016/11/23,6.2,124,106000000,0,0,0,0,0,1,0,0,0,0,0,0,1,0,0,1,0,0
Risen,36880033,2915,11801271,2016/02/19,5.4,107,20000000,0,0,0,0,0,1,0,0,0,0,0,0,0,0,0,0,0,0
The Nice Guys,36261763,2865,11203270,2016/05/20,6.2,116,50000000,1,0,0,1,0,0,0,0,0,0,0,0,0,0,0,0,0,0
The Boy,35819556,2671,10778392,2016/01/22,6.9,94,10000000,0,0,0,0,0,1,0,0,0,0,0,0,0,0,0,0,0,0
Dirty Grandpa,35593113,2912,11111875,2016/01/22,4.2,102,11500000,0,0,0,1,0,0,0,0,0,0,0,0,0,0,0,0,0,0
Ouija: Origin of Evil,35144505,3168,14065500,2016/10/21,5.2,99,9000000,0,0,0,0,0,0,0,0,1,0,0,0,0,0,0,0,0,0
The 5th Wave,34916787,2908,10326356,2016/01/22,4.0,112,38000000,0,0,0,0,0,0,0,0,0,0,0,0,0,1,0,0,0,0
Inferno,34343574,3576,14860425,2016/10/28,5.1,121,75000000,0,0,0,0,0,0,0,0,0,0,0,1,0,0,0,1,0,0
Gods of Egypt,31153464,3117,14123903,2016/02/26,4.1,127,140000000,1,1,0,0,0,0,1,0,0,0,0,0,0,0,0,0,0,0
Collateral Beauty,31016021,3028,7102085,2016/12/16,5.9,94,36000000,0,0,0,0,0,1,0,0,0,0,0,0,0,0,0,0,0,0
Zoolander 2,28848693,3418,13841146,2016/02/12,4.0,102,50000000,0,0,0,1,0,0,0,0,0,0,0,0,0,0,0,0,0,0
Moonlight,27854932,1564,402075,2016/11/18,6.8,111,1500000,0,0,0,0,0,1,0,0,0,0,0,0,0,0,0,0,0,0
Florence Foster Jenkins,27383770,1528,6601313,2016/08/12,6.1,110,29000000,0,0,0,1,0,1,0,0,0,0,0,0,0,0,0,0,0,0
Hell or High Water,27007844,1505,621329,2016/08/26,7.2,102,12000000,1,0,0,0,0,1,0,0,0,0,0,0,0,0,0,1,0,1
Ben-Hur,26410477,3084,11203815,2016/08/19,7.7,143,95000000,0,1,0,0,0,0,0,0,0,0,0,0,0,0,0,0,0,0
The Witch,25138705,2204,8800230,2016/02/19,6.2,92,3500000,0,0,0,0,0,0,0,0,1,0,0,0,0,0,0,0,0,0
Whiskey Tango Foxtrot,23083334,2413,7450275,2016/03/4,5.6,112,35000000,0,0,0,1,0,1,0,0,0,0,0,0,0,0,0,0,0,0
Snowden,21587519,2443,8000058,2016/09/16,6.4,134,50000000,0,0,0,0,0,1,0,0,0,0,0,1,0,0,0,1,0,0
Mechanic: Resurrection,21218403,2258,7456525,2016/08/26,4.8,99,40000000,1,0,0,0,0,0,0,0,0,0,0,0,0,0,0,1,0,0
Free State of Jones,20810036,2815,7572206,2016/06/24,6.4,139,50000000,1,0,0,0,0,1,0,0,0,0,0,0,0,0,0,0,1,0
Keanu,20591853,2681,9453224,2016/04/29,5.0,98,15000000,1,0,0,1,0,0,0,0,0,0,0,0,0,0,0,0,0,0
Middle School: The Worst Years of My Life,20007149,2822,6878437,2016/10/7,4.9,91,8500000,0,0,0,1,0,0,0,0,0,0,0,0,0,0,0,0,0,0
Nine Lives,19700032,2264,6249915,2016/08/5,4.3,87,30000000,0,0,0,1,0,0,1,0,0,0,0,0,0,0,0,0,0,0
Eye in the Sky,18704595,1089,113803,2016/04/1,6.2,90,13000000,1,0,0,0,0,0,0,0,0,0,0,0,0,0,0,1,0,0
Bad Santa 2,17782178,2945,6176680,2016/11/23,4.7,92,26000000,0,0,0,1,0,0,0,0,0,0,0,0,0,0,0,0,0,0
Masterminds,17368022,3042,6541205,2016/09/30,3.9,106,25000000,1,0,0,1,0,0,0,0,0,0,0,0,0,0,0,1,0,0
Norm of the North,17062499,2411,6844137,2016/01/15,3.4,86,18000000,0,1,1,1,0,0,0,0,0,0,0,0,0,0,0,0,0,0
Eddie the Eagle,15789389,2044,6084682,2016/02/26,6.4,101,23000000,0,0,0,1,0,1,0,0,0,0,0,0,0,0,0,0,0,0
The Infiltrator,15436808,1601,5303775,2016/07/13,6.2,127,47500000,0,0,0,0,0,0,0,0,0,0,0,0,0,0,0,1,0,0
Keeping Up with the Joneses,14904426,3022,5461475,2016/10/21,4.7,105,40000000,1,0,0,1,0,0,0,0,0,0,0,0,0,0,0,0,0,0
Room,14677654,862,118298,2016/01/22,7.7,118,13000000,0,0,0,0,0,1,0,0,0,0,0,0,0,0,0,0,0,0
The Edge of Seventeen,14431633,1945,4754215,2016/11/18,6.4,102,9000000,0,0,0,1,0,1,0,0,0,0,0,0,0,0,0,0,0,0
Love & Friendship,14016568,826,133513,2016/06/3,5.2,93,3000000,0,0,0,1,0,0,0,0,0,0,0,0,1,0,0,0,0,0
Carol,12711491,790,253510,2016/01/15,7.0,118,11800000,0,0,0,0,0,1,0,0,0,0,0,0,1,0,0,0,0,0
Triple 9,12639297,2205,6109085,2016/02/26,5.6,115,20000000,1,0,0,0,0,0,0,0,0,0,0,0,0,0,0,1,0,0
The Light Between Oceans,12545979,1500,4765838,2016/09/2,6.3,130,20000000,0,0,0,0,0,1,0,0,0,0,0,0,0,0,0,0,0,0
Fifty Shades of Black,11686940,2075,5900528,2016/01/29,2.8,92,5000000,0,0,0,1,0,0,0,0,0,0,0,0,0,0,0,0,0,0
The Danish Girl,11114018,794,187318,2016/01/22,6.8,120,15000000,0,0,0,0,0,1,0,0,0,0,0,0,1,0,0,0,0,0
Caf√© Society,11103205,631,359289,2016/08/5,6.4,96,30000000,0,0,0,1,0,0,0,0,0,0,0,0,1,0,0,0,0,0
Pride and Prejudice and Zombies,10938134,2931,5324240,2016/02/5,4.5,108,28000000,0,0,0,1,0,0,0,0,1,0,0,0,0,0,0,0,0,0
Nocturnal Animals,10663357,1262,492648,2016/12/9,7.1,115,22500000,0,0,0,0,0,1,0,0,0,0,0,0,0,0,0,1,0,0
Popstar: Never Stop Never Stopping,9639125,2313,4698715,2016/06/3,5.9,86,20000000,0,0,0,1,0,0,0,0,0,0,0,0,0,0,0,0,0,0
Hardcore Henry,9252038,3015,5107604,2016/04/8,6.1,96,2000000,1,0,0,0,0,0,0,0,0,0,0,0,0,1,0,0,0,0
Meet the Blacks,9097072,1015,4055940,2016/04/1,2.5,90,900000,0,0,0,1,0,0,0,0,1,0,0,0,0,0,0,0,0,0
Queen of Katwe,8874389,1259,304933,2016/09/30,6.6,124,15000000,0,0,0,0,0,1,0,0,0,0,0,0,0,0,0,0,0,0
Shut In,6900335,2058,3613567,2016/11/11,3.9,91,10000000,0,0,0,0,0,1,0,0,0,0,0,0,0,0,0,1,0,0
The Brothers Grimsby,6874837,2235,3258327,2016/03/11,5.4,80,35000000,1,0,0,1,0,0,0,0,0,0,0,0,0,0,0,0,0,0
The Young Messiah,6490401,1769,3294876,2016/03/11,4.9,111,16800000,0,0,0,0,0,1,0,0,0,0,0,0,0,0,0,0,0,0
Bleed for This,5083906,1549,2366810,2016/11/18,6.3,116,16000000,0,0,0,0,0,1,0,0,0,0,0,0,0,0,0,0,0,0
Incarnate,4799774,1737,2534884,2016/12/2,4.5,86,5000000,0,0,0,0,0,0,0,0,1,0,0,0,0,0,0,1,0,0
Hands of Stone,4712792,2011,1751388,2016/08/26,6.0,105,20000000,1,0,0,0,0,1,0,0,0,0,0,0,0,0,0,0,0,0
Swiss Army Man,4210454,636,105453,2016/07/1,6.3,95,3000000,0,1,0,1,0,0,1,0,0,0,0,0,0,0,0,0,0,0
Morgan,3915251,2020,2012709,2016/09/2,5.2,87,8000000,0,0,0,0,0,0,0,0,1,0,0,0,0,1,0,1,0,0
Max Steel,3818664,2034,2182216,2016/10/14,3.4,92,10000000,1,0,0,0,0,0,0,0,0,0,0,0,0,1,0,0,0,0
Miss Sloane,3500605,1648,59797,2016/12/9,7.0,132,18000000,0,0,0,0,0,1,0,0,0,0,0,0,0,0,0,0,0,0
Green Room,3220371,777,87984,2016/05/13,6.1,94,5000000,0,0,0,0,0,0,0,0,0,0,0,0,0,0,0,1,0,0
The Disappointments Room,2423468,1554,1402823,2016/09/9,3.3,92,15000000,0,0,0,0,0,0,0,0,1,0,0,0,0,0,0,1,0,0
Jane Got a Gun,1513793,1210,835572,2016/01/29,5.4,98,25000000,0,0,0,0,0,1,0,0,0,0,0,0,0,0,0,0,0,1
The Neon Demon,1333124,783,589014,2016/06/24,5.6,117,7500000,0,0,0,0,0,0,0,0,1,0,0,0,0,0,0,1,0,0
The Bronze,615816,1167,386328,2016/03/18,5.5,108,3500000,0,0,0,1,0,1,0,0,0,0,0,0,0,0,0,0,0,0
Beauty and the Beast,504014165,4210,174750616,2017/03/17,7.5,90,160000000,0,0,0,0,0,1,1,0,0,0,0,0,1,0,0,0,0,0
Wonder Woman,412563408,4165,103251471,2017/06/2,6.1,75,150000000,0,0,1,0,0,0,1,0,0,0,0,0,0,1,0,0,0,0
Jumanji: Welcome to the Jungle,404515480,3849,36169328,2017/12/20,5.3,119,90000000,0,1,0,1,0,0,1,0,0,0,0,0,0,0,0,0,0,0
Spider-Man: Homecoming,334201140,4348,117027503,2017/07/7,6.3,133,175000000,1,0,0,1,0,0,1,0,0,0,0,0,0,1,0,0,0,0
It,327481748,4148,123403419,2017/09/8,7.6,138,35000000,0,0,0,1,0,1,0,0,0,0,0,0,1,0,0,0,0,0
Thor: Ragnarok,315058289,4080,122744989,2017/11/3,6.5,130,180000000,1,1,0,1,0,0,1,0,0,0,0,0,0,0,0,0,0,0
Despicable Me 3,264624300,4535,72434025,2017/06/30,5.6,90,75000000,0,0,1,1,0,0,0,0,0,0,0,0,0,0,0,0,0,0
Justice League,229024295,4051,93842239,2017/11/17,5.3,121,300000000,1,0,0,0,0,0,1,0,0,0,0,0,0,0,0,0,0,0
Logan,226277068,4071,88411916,2017/03/3,6.9,135,127000000,1,0,0,0,0,1,0,0,0,0,0,0,0,1,0,1,0,0
The Fate of the Furious,226008385,4329,98786705,2017/04/14,5.6,136,250000000,1,0,0,0,0,0,0,0,0,0,0,0,0,0,0,1,0,0
Coco,210460015,3987,50802605,2017/11/22,8.0,109,175000000,0,0,1,1,0,1,1,0,0,0,0,0,0,0,0,0,0,0
Dunkirk,188045546,4014,50513488,2017/07/21,7.1,107,150000000,0,0,0,0,0,1,0,0,0,0,0,0,0,0,0,0,1,0
Get Out,176040665,3143,33377060,2017/02/24,6.8,103,5000000,0,0,0,0,0,0,0,0,1,0,0,1,0,0,0,1,0,0
The Lego Batman Movie,175750384,4088,53003468,2017/02/10,6.4,104,80000000,0,1,1,1,0,0,0,0,0,0,0,0,0,0,0,0,0,0
The Boss Baby,175003033,3829,50198902,2017/03/31,5.6,97,125000000,0,0,1,1,0,0,0,0,0,1,0,0,0,0,0,0,0,0
The Greatest Showman,174340174,3342,8805843,2017/12/20,6.8,105,84000000,0,0,0,0,0,1,0,0,0,0,1,0,0,0,0,0,0,0
Pirates of the Caribbean: Dead Men Tell No Tales,172558876,4276,62983253,2017/05/26,5.4,129,230000000,1,1,0,1,0,0,1,0,0,0,0,0,0,0,0,0,0,0
Hidden Figures,169607287,3416,515499,2017/01/6,6.9,127,25000000,0,0,0,0,0,1,0,0,0,0,0,0,0,0,0,0,0,0
Kong: Skull Island,168052812,3846,61025472,2017/03/10,5.8,120,185000000,1,1,0,0,0,0,1,0,0,0,0,0,0,0,0,0,0,0
Cars 3,152901115,4256,53688680,2017/06/16,5.9,109,175000000,0,1,1,1,0,0,0,0,0,0,0,0,0,0,0,0,0,0
War for the Planet of the Apes,146880162,4100,56262929,2017/07/14,6.5,142,152000000,0,1,0,0,0,0,0,0,0,0,0,0,0,1,0,0,1,0
Split,138291365,3373,40010975,2017/01/20,6.6,116,9000000,0,0,0,0,0,0,0,0,0,0,0,1,0,0,0,1,0,0
Wonder,132422809,3519,27547866,2017/11/17,7.0,30,20000000,0,0,0,1,0,1,0,0,0,0,0,0,0,0,1,0,0,0
Transformers: The Last Knight,130168683,4132,44680073,2017/06/21,4.3,149,217000000,1,1,0,1,0,0,0,0,0,0,0,0,0,1,0,0,0,0
Girls Trip,115171585,2648,31201920,2017/07/21,4.6,122,28000000,0,0,0,1,0,0,0,0,0,0,0,0,0,0,0,0,0,0
Fifty Shades Darker,114581250,3714,46607250,2017/02/10,3.6,115,55000000,0,0,0,0,0,1,0,0,0,0,0,0,1,0,0,0,0,0
Baby Driver,107825862,3226,20553320,2017/06/28,6.5,115,34000000,1,0,0,1,0,0,0,0,0,0,0,0,0,0,0,1,0,0
Pitch Perfect 3,104897530,3468,19928525,2017/12/22,4.7,93,45000000,0,0,0,1,0,0,0,0,0,0,0,0,0,0,0,0,0,0
Murder on the Orient Express,102826543,3354,28681472,2017/11/10,7.0,127,55000000,0,0,0,0,0,1,0,0,0,0,0,1,0,0,0,0,0,0
Annabelle: Creation,102092201,3565,35006404,2017/08/11,5.5,109,15000000,0,0,0,0,0,0,0,0,1,0,0,0,0,0,0,0,0,0
Kingsman: The Golden Circle,100229647,4038,39023010,2017/09/22,6.1,141,104000000,1,0,0,1,0,0,0,0,0,0,0,0,0,0,0,1,0,0
Blade Runner 2049,92054159,4058,32753122,2017/10/6,7.0,163,185000000,0,0,0,0,0,0,0,0,0,0,0,0,0,1,0,0,0,0
The Emoji Movie,86089513,4075,24531923,2017/07/28,3.5,86,50000000,0,0,1,1,0,0,0,0,0,1,0,0,0,0,0,0,0,0
Power Rangers,85364450,3693,40300288,2017/03/24,4.7,123,120000000,1,0,0,0,0,0,0,0,0,0,0,0,0,1,0,0,0,0
Ferdinand,84410380,3630,13401586,2017/12/15,6.0,106,111000000,0,0,1,1,0,0,0,0,0,1,0,0,0,0,0,0,0,0
The Mummy,80227895,4035,31688375,2017/06/9,4.3,105,195000000,1,1,0,0,0,0,1,0,0,0,0,0,0,0,0,0,0,0
Alien: Covenant,74262031,3772,36160621,2017/05/19,5.6,123,97000000,0,0,0,0,0,0,0,0,1,0,0,0,0,1,0,0,0,0
Captain Underpants: The First Epic Movie,73921000,3529,23851539,2017/06/2,5.1,89,38000000,0,0,1,1,0,0,0,0,0,0,0,0,0,0,0,0,0,0
A Bad Moms Christmas,72110659,3615,16759161,2017/11/1,4.2,104,28000000,0,0,0,1,0,0,0,0,0,0,0,0,0,0,0,0,0,0
The Shape of Water,63859435,2341,166564,2017/12/22,6.5,119,19500000,0,0,0,0,0,1,1,0,0,0,0,0,1,0,0,1,0,0
The Lego Ninjago Movie,59281555,4047,20433071,2017/09/22,5.3,101,70000000,0,1,1,1,0,0,0,0,0,0,0,0,0,0,0,0,0,0
Baywatch,58060186,3647,18503871,2017/05/25,4.1,116,60000000,1,0,0,1,0,0,0,0,0,0,0,0,0,0,0,0,0,0
The Shack,57386418,2888,16172119,2017/03/3,5.0,132,20000000,0,0,0,0,0,1,0,0,0,0,0,0,0,0,0,0,0,0
Darkest Hour,56468410,1733,175006,2017/12/22,6.7,125,30000000,0,0,0,0,0,1,0,0,0,0,0,0,0,0,0,0,1,0
Happy Death Day,55683845,3535,26039025,2017/10/13,5.5,96,5000000,0,0,0,0,0,0,0,0,1,0,0,1,0,0,0,1,0,0
Lion,51738905,1802,123360,2017/01/6,7.3,120,12000000,0,0,0,0,0,1,0,0,0,0,0,0,0,0,0,0,0,0
Atomic Blonde,51687870,3326,18286420,2017/07/28,5.9,115,30000000,1,0,0,0,0,0,0,0,0,0,0,0,0,0,0,1,0,0
American Made,51342000,3098,16776390,2017/09/29,6.4,114,50000000,0,0,0,0,0,0,0,0,0,0,0,0,0,0,0,1,0,0
Lady Bird,48958273,1557,364437,2017/11/24,6.6,94,10000000,0,0,0,1,0,1,0,0,0,0,0,0,0,0,0,0,0,0
Snatched,45852178,3511,19542248,2017/05/12,4.2,91,42000000,0,0,0,1,0,0,0,0,0,0,0,0,0,0,0,0,0,0
The Great Wall,45540830,3328,18469620,2017/02/17,4.6,92,150000000,1,0,0,0,0,0,1,0,0,0,0,0,0,0,0,0,0,0
Smurfs: The Lost Village,45020282,3610,13210449,2017/04/7,5.2,89,60000000,0,1,1,1,0,0,1,0,0,1,0,0,0,0,0,0,0,0
Going in Style,45018541,3076,11932330,2017/04/7,6.2,97,24000000,0,0,0,1,0,0,0,0,0,0,0,0,0,0,0,0,0,0
All Eyez on Me,44922302,2471,26435354,2017/06/16,5.3,129,45000000,0,0,0,0,0,1,0,0,0,0,0,0,0,0,0,0,0,0
xXx: Return of Xander Cage,44898413,3651,20130142,2017/01/20,4.0,107,85000000,1,1,0,0,0,0,0,0,0,0,0,0,0,0,0,1,0,0
47 Meters Down,44307191,2471,11205561,2017/06/16,5.1,87,5300000,0,1,0,0,0,0,0,0,1,0,0,0,0,0,0,1,0,0
The Big Sick,42873127,2597,421577,2017/07/14,6.5,119,5000000,0,0,0,1,0,1,0,0,0,0,0,0,1,0,0,0,0,0
Valerian and the City of a Thousand Planets,41189488,3553,17007624,2017/07/21,5.7,137,180000000,1,0,0,0,0,0,0,0,0,0,0,0,1,1,0,0,0,0
The Star,40852824,2976,9812674,2017/11/17,8.1,124,20000000,0,1,0,0,0,0,0,0,0,0,0,0,0,1,0,0,0,0
Ghost in the Shell,40563557,3440,18676033,2017/03/31,5.7,107,110000000,1,0,0,0,0,0,0,0,0,0,0,0,0,1,0,0,0,0
Jigsaw,38052832,2941,16640452,2017/10/27,5.0,91,10000000,0,0,0,0,0,0,0,0,1,0,0,0,0,0,0,1,0,0
American Assassin,36249674,3154,14846778,2017/09/15,5.1,111,63000000,1,0,0,0,0,0,0,0,0,0,0,0,0,0,0,1,0,0
Geostorm,33700160,3246,13707376,2017/10/20,4.4,109,100000000,1,0,0,0,0,0,0,0,0,0,0,0,0,1,0,1,0,0
Monster Trucks,33370166,3119,10950705,2017/01/13,4.4,104,125000000,1,0,0,0,0,0,1,0,0,0,0,0,0,0,0,0,0,0
Fist Fight,32187017,3185,12201873,2017/02/17,4.3,91,25000000,0,0,0,1,0,0,0,0,0,0,0,0,0,0,0,0,0,0
How to Be a Latin Lover,32149404,1203,12252439,2017/04/28,4.5,115,10000000,0,0,0,1,0,0,0,0,0,0,0,0,0,0,0,0,0,0
Patriots Day,31886361,3120,161306,2017/01/13,6.3,130,40000000,0,0,0,0,0,1,0,0,0,0,0,0,0,0,0,1,0,0
Kidnap,30971040,2418,10016323,2017/08/4,5.2,94,21000000,1,0,0,0,0,0,0,0,0,0,0,0,0,0,0,1,0,0
Underworld: Blood Wars,30353973,3070,13688751,2017/01/6,4.6,91,35000000,1,0,0,0,0,0,1,0,1,0,0,0,0,0,0,0,0,0
Life,30234022,3146,12501936,2017/03/24,8.5,117,75000000,0,0,0,1,0,1,0,0,0,0,0,0,0,0,0,0,0,0
The Nut Job 2: Nutty by Nature,28370522,4003,8342311,2017/08/11,5.0,95,40000000,0,1,1,1,0,0,0,0,0,0,0,0,0,0,0,0,0,0
Rings,27793018,2931,13002632,2017/02/3,8.0,180,25000000,1,1,0,0,0,0,1,0,0,0,0,0,0,0,0,0,0,0
Logan Lucky,27780977,3031,7600036,2017/08/18,6.3,119,29000000,0,0,0,1,0,0,0,0,0,0,0,0,0,0,0,0,0,0
Home Again,27020284,3036,8567881,2017/09/8,4.5,97,15000000,0,0,0,1,0,0,0,0,0,0,0,0,1,0,0,0,0,0
Resident Evil: The Final Chapter,26830068,3104,13601682,2017/01/27,4.5,106,40000000,1,0,0,0,0,0,0,0,0,0,0,0,0,1,0,0,0,0
The House,25584504,3134,8724795,2017/06/30,6.3,97,40000000,0,0,1,0,0,1,0,0,1,0,0,0,0,0,0,0,0,0
All the Money in the World,25113707,2123,5584684,2017/12/25,6.2,132,50000000,0,0,0,0,0,1,0,0,0,0,0,0,0,0,0,1,0,0
Gifted,24801212,2215,446380,2017/04/12,6.5,101,7000000,0,0,0,0,0,1,0,0,0,0,0,0,0,0,0,0,0,0
Downsizing,24449754,2668,4954287,2017/12/22,5.3,135,68000000,0,0,0,1,0,1,0,0,0,0,0,0,0,1,0,0,0,0
The Bye Bye Man,22395806,2220,13501349,2017/01/13,4.1,96,7400000,0,0,0,0,0,0,0,0,1,0,0,0,0,0,0,1,0,0
Rough Night,22105643,3162,8004283,2017/06/16,4.2,101,20000000,0,0,0,1,0,0,0,0,0,0,0,0,0,0,0,0,0,0
My Little Pony: The Movie,21885107,2528,8885899,2017/10/6,4.5,86,6500000,0,0,1,0,0,0,1,0,0,1,0,0,0,0,0,0,0,0
The Disaster Artist,21120616,1010,1211345,2017/12/8,6.8,106,10000000,0,0,0,1,0,0,0,0,0,0,0,0,0,0,0,0,0,0
Sleepless,20783704,1803,8344128,2017/01/13,6.0,101,30000000,0,0,0,1,0,0,0,0,0,0,0,0,1,0,0,0,0,0
Diary of a Wimpy Kid: The Long Haul,20738724,3174,7126084,2017/05/19,4.4,90,22000000,0,0,0,1,0,0,0,0,0,1,0,0,0,0,0,0,0,0
The Circle,20497844,3163,9034148,2017/04/28,5.0,110,18000000,0,0,0,0,0,0,0,0,0,0,0,0,0,1,0,1,0,0
CHIPS,18600152,2464,7722802,2017/03/24,4.7,100,25000000,1,0,0,1,0,0,0,0,0,0,0,0,0,0,0,0,0,0
Mother!,17800004,2368,7534673,2017/09/15,5.1,110,30000000,0,0,0,1,0,0,0,0,0,0,0,0,0,0,0,0,0,0
Father Figures,17501244,2902,3287451,2017/12/22,4.4,113,25000000,0,0,0,1,0,0,0,0,0,0,0,0,0,0,0,0,0,0
Flatliners,16883115,2552,6574326,2017/09/29,4.4,108,26000000,0,0,0,0,0,0,0,0,0,0,0,0,0,1,0,1,0,0
Detroit,16790139,3007,350190,2017/08/4,6.9,143,40000000,0,0,0,0,0,1,0,0,0,0,0,0,0,0,0,0,0,0
The Case for Christ,14682684,1386,3967885,2017/04/7,5.0,112,3000000,0,0,0,0,0,1,0,0,0,0,0,0,0,0,0,0,0,0
Wish Upon,14301505,2250,5467084,2017/07/14,4.5,90,12000000,0,0,0,0,0,0,1,0,1,0,0,0,0,0,0,0,0,0
It Comes at Night,13985117,2533,5988370,2017/06/9,5.5,97,5000000,0,0,0,0,0,1,0,0,1,0,0,1,0,0,0,1,0,0
Battle of the Sexes,12638526,1822,518332,2017/09/29,6.0,121,25000000,0,0,0,1,0,1,0,0,0,0,0,0,0,0,0,0,0,0
Before I Fall,12241122,2346,4690214,2017/03/3,5.5,99,5000000,0,0,0,0,0,1,1,0,0,0,0,0,0,0,0,0,0,0
Unforgettable,11368012,2417,4785431,2017/04/21,4.2,100,18000000,0,0,0,0,0,0,0,0,0,0,0,0,0,0,0,1,0,0
The Beguiled,10709995,941,229292,2017/06/30,7.2,109,10000000,0,0,0,0,0,1,0,0,0,0,0,0,1,0,0,0,0,0
Live by Night,10378555,2822,33336,2017/01/13,5.7,129,65000000,0,0,0,0,0,1,0,1,0,0,0,0,0,0,0,0,0,0
The Belko Experiment,10166820,1341,4137230,2017/03/17,5.3,88,5000000,1,0,0,0,0,0,0,0,1,0,0,0,0,0,0,1,0,0
Marshall,10051659,821,3000805,2017/10/13,6.4,118,12000000,0,0,0,0,0,1,0,0,0,0,0,0,0,0,0,0,0,0
Thank You for Your Service,9536300,2083,3817700,2017/10/27,5.7,108,20000000,0,0,0,0,0,1,0,0,0,0,0,0,0,0,0,0,0,0
Rock Dog,9420546,2077,3704749,2017/02/24,5.1,80,60000000,0,1,1,1,0,0,0,0,0,0,0,0,0,0,0,0,0,0
The Lost City of Z,8580410,866,110175,2017/04/21,5.9,140,30000000,0,1,0,0,0,1,0,0,0,0,0,0,0,0,0,0,0,0
The Promise,8224288,2251,4095718,2017/04/21,6.3,134,90000000,0,1,0,0,0,1,0,0,0,0,0,0,1,0,0,0,0,0
Silence,7100177,1580,130880,2017/01/13,8.2,115,46500000,0,0,0,0,0,0,0,0,0,0,0,1,0,0,0,1,0,0
Birth of the Dragon,6901965,1633,2702430,2017/08/25,5.4,103,31000000,0,0,0,0,0,1,0,0,0,0,0,0,0,0,0,0,0,0
The Snowman,6700035,1815,3372565,2017/10/20,4.6,125,35000000,0,0,0,0,0,0,0,0,0,0,0,1,0,0,0,1,0,0
Same Kind of Different as Me,6423605,1362,2591985,2017/10/20,5.6,120,6500000,0,0,0,0,0,1,0,0,0,0,0,0,0,0,0,0,0,0
Just Getting Started,6069605,2161,3201459,2017/12/8,3.5,91,22000000,1,0,0,1,0,0,0,0,0,0,0,0,0,0,0,0,0,0
All Saints,5802208,846,1514278,2017/08/25,4.9,108,2000000,0,0,0,0,0,1,0,0,0,0,0,0,0,0,0,0,0,0
20th Century Women,5664764,650,111200,2017/01/20,6.8,118,7000000,0,0,0,1,0,1,0,0,0,0,0,0,0,0,0,0,0,0
Stronger,4211129,645,1611040,2017/09/29,5.9,116,30000000,0,0,0,0,0,1,0,0,0,0,0,0,0,0,0,0,0,0
A Monster Calls,3740823,1523,30909,2017/01/6,6.6,100,43000000,0,0,0,0,0,1,1,0,0,0,0,0,0,0,0,0,0,0
Table 19,3614896,868,1597928,2017/03/3,4.3,87,5000000,0,0,0,1,0,0,0,0,0,0,0,0,0,0,0,0,0,0
Phoenix Forgotten,3600146,1626,1816499,2017/04/21,4.5,80,2800000,0,0,0,0,0,0,0,0,1,0,0,1,0,1,0,1,0,0
LBJ,2470979,659,1110565,2017/11/3,5.9,98,20000000,0,0,0,0,0,1,0,0,0,0,0,0,0,0,0,0,0,0
Tulip Fever,2455635,772,1158017,2017/09/1,5.4,107,25000000,0,0,0,0,0,1,0,0,0,0,0,0,1,0,0,0,0,0
Collide,2280004,2045,1512824,2017/02/24,4.7,99,29200000,1,0,0,0,0,0,0,0,0,0,0,0,0,0,0,1,0,0
Free Fire,1799312,1070,994431,2017/04/21,5.5,91,10000000,1,0,0,0,0,0,0,0,0,0,0,0,0,0,0,1,0,0
Black Panther,700059566,4084,202003951,2018/02/16,5.9,134,200000000,1,1,0,0,0,0,1,0,0,0,0,0,0,0,0,0,0,0
Avengers: Infinity War,678815482,4474,257698183,2018/04/27,7.5,156,300000000,1,0,0,0,0,0,1,0,0,0,0,0,0,1,0,0,0,0
Incredibles 2,608581744,4410,182687905,2018/06/15,6.7,118,200000000,1,1,1,1,0,0,0,0,0,0,0,0,0,0,0,0,0,0
Jurassic World: Fallen Kingdom,417719760,4485,148024610,2018/06/22,5.6,128,170000000,1,1,0,0,0,0,0,0,0,0,0,0,0,1,0,0,0,0
Aquaman,335061807,4184,67873522,2018/12/21,5.6,139,160000000,1,0,0,0,0,0,1,0,0,0,0,0,0,0,0,0,0,0
Deadpool 2,318491426,4349,125507153,2018/05/18,6.8,111,110000000,1,0,0,1,0,0,1,0,0,0,0,0,0,0,0,0,0,0
Ant-Man and the Wasp,216648740,4206,75812205,2018/07/6,6.0,118,130000000,1,0,0,1,0,0,1,0,0,0,0,0,0,1,0,0,0,0
Bohemian Rhapsody,216428042,4000,51061119,2018/11/2,7.3,134,55000000,0,0,0,0,0,1,0,0,0,0,0,0,0,0,0,0,0,0
A Star Is Born,215288866,3904,42908051,2018/10/5,6.9,111,36000000,0,0,0,1,0,1,0,0,0,0,0,0,0,0,0,0,0,0
Solo: A Star Wars Story,213767512,4381,84420489,2018/05/25,6.0,135,275000000,0,1,0,0,0,0,1,0,0,0,0,0,0,1,0,0,0,0
Venom,213515506,4250,80255756,2018/10/5,5.4,95,116000000,1,0,0,0,0,0,1,0,0,0,0,0,0,1,0,0,0,0
Ralph Breaks the Internet,201091711,4017,56237634,2018/11/21,6.5,112,175000000,0,1,1,1,0,0,1,0,0,0,0,0,0,0,0,0,0,0
A Quiet Place,188024361,3808,50203562,2018/04/6,6.6,95,17000000,0,0,0,0,0,0,1,0,1,0,0,1,0,0,0,1,0,0
Crazy Rich Asians,174532921,3865,26510140,2018/08/15,5.5,120,30000000,0,0,0,1,0,0,0,0,0,0,0,0,1,0,0,0,0,0
Mary Poppins Returns,171958438,4090,23523121,2018/12/19,5.5,130,130000000,0,0,0,0,0,0,1,0,0,0,1,0,0,0,0,0,0,0
Hotel Transylvania 3: Summer Vacation,167510016,4267,44076225,2018/07/13,5.3,97,65000000,0,0,1,1,0,0,1,0,0,0,0,0,0,0,0,0,0,0
Fantastic Beasts: The Crimes of Grindelwald,159555901,4163,62163104,2018/11/16,5.7,134,200000000,0,1,0,0,0,0,1,0,0,0,0,0,0,0,0,1,0,0
Halloween,159342015,3990,76221545,2018/10/19,6.7,93,15000000,0,0,0,0,0,0,0,0,1,0,0,0,0,0,0,0,0,0
The Meg,145443742,4118,45402195,2018/08/10,4.5,113,178000000,1,0,0,0,0,0,0,0,1,0,0,0,0,1,0,0,0,0
Ready Player One,137690172,4234,41764050,2018/03/29,6.7,140,150000000,1,1,0,0,0,0,0,0,0,0,0,0,0,1,0,0,0,0
Bumblebee,127195589,3597,21654047,2018/12/21,5.8,114,102000000,1,1,0,0,0,0,0,0,0,0,0,0,0,1,0,0,0,0
The Nun,117450119,3876,53807379,2018/09/7,4.3,96,22000000,0,0,0,0,0,0,0,0,1,0,0,0,0,0,0,0,0,0
Creed II,115715889,3752,35574710,2018/11/21,6.3,130,50000000,0,0,0,0,0,1,0,0,0,0,0,0,0,0,0,0,0,0
Peter Rabbit,115253424,3725,25010928,2018/02/9,5.6,95,50000000,0,1,1,1,0,0,0,0,0,1,0,0,0,0,0,0,0,0
The Mule,103804407,3329,17509431,2018/12/14,5.8,103,50000000,0,0,0,1,0,1,0,0,0,0,0,0,0,0,0,0,0,0
The Equalizer 2,102084362,3388,36011640,2018/07/20,5.8,120,77000000,0,0,0,0,0,0,0,0,0,0,0,0,0,0,0,1,0,0
Rampage,101028233,4115,35753093,2018/04/13,5.5,85,120000000,1,0,0,0,0,1,0,0,0,0,0,0,0,0,0,1,0,0
A Wrinkle in Time,100478608,3980,33123609,2018/03/9,3.3,109,103000000,0,1,0,0,0,0,1,0,0,0,0,0,0,1,0,0,0,0
Fifty Shades Freed,100407760,3768,38560195,2018/02/9,3.5,105,55000000,0,0,0,0,0,1,0,0,0,0,0,0,1,0,0,0,0,0
Christopher Robin,99215042,3602,24585139,2018/08/3,6.1,104,75000000,0,1,1,1,0,1,1,0,0,0,0,0,0,0,0,0,0,0
Green Book,85080171,2648,320429,2018/11/21,7.6,130,23000000,0,0,0,1,0,1,0,0,0,0,0,0,0,0,0,0,0,0
I Can Only Imagine,83482352,2894,17108914,2018/03/16,5.7,110,7000000,0,0,0,0,0,1,0,0,0,0,0,0,0,0,0,0,0,0
Smallfoot,83240103,4131,23045635,2018/09/28,5.9,96,80000000,0,1,1,1,0,0,0,0,0,0,0,0,0,0,0,0,0,0
The Post,81903458,2851,526011,2018/01/12,6.7,116,50000000,0,0,0,0,0,1,0,0,0,0,0,0,0,0,0,0,0,0
The First Purge,69488745,3038,17374280,2018/07/4,4.5,97,13000000,1,0,0,0,0,0,0,0,1,0,0,0,0,0,0,1,0,0
Game Night,69179066,3502,17005332,2018/02/23,5.7,98,37000000,1,0,0,1,0,0,0,0,0,0,0,0,0,0,0,0,0,0
Book Club,68566296,3169,13582231,2018/05/18,4.8,104,10000000,0,0,0,1,0,0,0,0,0,0,0,0,0,0,0,0,0,0
The House with a Clock in Its Walls,68549695,3592,26608020,2018/09/21,5.1,104,40000000,0,1,0,0,0,0,1,0,0,0,0,0,0,0,0,0,0,0
Skyscraper,68420120,3822,24905015,2018/07/13,2.7,96,125000000,1,0,0,0,0,0,0,0,0,0,0,0,0,0,0,0,0,0
Insidious: The Last Key,67745330,3150,29581355,2018/01/5,4.7,103,10000000,0,0,0,0,0,0,0,0,1,0,0,0,0,0,0,0,0,0
Instant Family,67363237,3426,14504315,2018/11/16,6.1,119,48000000,0,0,0,1,0,0,0,0,0,0,0,0,0,0,0,0,0,0
Blockers,60311495,3418,20556350,2018/04/6,5.1,102,21000000,0,0,0,1,0,0,0,0,0,0,0,0,0,0,0,0,0,0
Pacific Rim: Uprising,59874525,3708,28116535,2018/03/23,4.8,111,155000000,1,0,0,0,0,0,0,0,0,0,0,0,0,1,0,0,0,0
Tomb Raider,58250803,3854,23633317,2018/03/16,5.4,122,90000000,1,1,0,0,0,0,0,0,0,0,0,0,0,0,0,0,0,0
Maze Runner: The Death Cure,58032443,3793,24167011,2018/01/26,5.2,142,61000000,1,0,0,0,0,0,0,0,0,0,0,0,0,1,0,0,0,0
The Nutcracker and the Four Realms,54858851,3766,20352491,2018/11/2,4.9,99,132900000,0,1,0,0,0,0,1,0,0,0,0,0,0,0,0,0,0,0
Tag,54730625,3382,14947396,2018/06/15,5.3,100,28000000,0,0,0,1,0,0,0,0,0,0,0,0,0,0,0,0,0,0
A Simple Favor,53548586,3102,16011689,2018/09/14,5.7,117,20000000,0,0,0,1,0,1,0,0,0,0,0,1,0,0,0,0,0,0
The Predator,51024708,4070,24632284,2018/09/14,4.3,101,88000000,1,1,0,0,0,0,0,0,0,0,0,0,0,1,0,0,0,0
Overboard,50316123,2006,14711101,2018/05/4,5.4,106,12000000,0,0,0,1,0,0,0,0,0,0,0,0,0,0,0,0,0,0
Sicario: Day of the Soldado,50072235,3055,19007566,2018/06/29,6.4,122,35000000,1,0,0,0,0,1,0,0,0,0,0,0,0,0,0,1,0,0
BlacKkKlansman,49275340,1914,10845330,2018/08/10,6.5,128,15000000,0,0,0,1,0,1,0,0,0,0,0,0,0,0,0,0,0,0
I Feel Pretty,48795601,3440,16030218,2018/04/20,4.9,110,32000000,0,0,0,1,0,0,0,0,0,0,0,0,0,0,0,0,0,0
Vice,47836282,2534,7768371,2018/12/25,6.8,132,60000000,0,0,0,1,0,1,0,0,0,0,0,0,0,0,0,0,0,0
Red Sparrow,46874505,3064,16853422,2018/03/2,6.4,134,69000000,0,0,0,0,0,0,0,0,0,0,0,0,0,0,0,1,0,0
Breaking In,46840590,2537,17630285,2018/05/11,4.6,88,6000000,0,0,0,0,0,0,0,0,0,0,0,0,0,0,0,1,0,0
12 Strong,45819713,3018,15815025,2018/01/19,5.4,130,35000000,0,0,0,0,0,0,0,0,0,0,0,0,0,0,0,0,1,0
Den of Thieves,44947622,2432,15206108,2018/01/19,5.9,140,30000000,1,0,0,0,0,1,0,0,0,0,0,0,0,0,0,1,0,0
First Man,44936545,3640,16006065,2018/10/12,6.6,102,60000000,0,0,0,0,0,1,0,0,0,0,0,0,0,0,0,0,0,0
Hereditary,44069456,2998,13575172,2018/06/8,6.6,126,10000000,0,0,0,0,0,0,0,0,1,0,0,0,0,0,0,0,0,0
Acrimony,43549096,2006,17170707,2018/03/30,5.5,120,20000000,0,0,0,0,0,1,0,0,0,0,0,0,0,0,0,1,0,0
Sherlock Gnomes,43242871,3662,10604774,2018/03/23,4.7,86,59000000,0,0,1,0,0,0,1,0,0,1,0,0,0,0,0,0,0,0
Uncle Drew,42469946,2742,15242781,2018/06/29,4.8,103,18000000,0,0,0,1,0,0,0,0,0,0,0,0,0,0,0,0,0,0
Widows,42402632,2803,12361307,2018/11/16,6.1,128,40000000,0,0,0,0,0,1,0,0,0,0,0,0,0,0,0,1,0,0
Second Act,39282227,2607,6489983,2018/12/21,4.5,103,15700000,0,0,0,1,0,1,0,0,0,0,0,0,1,0,0,0,0,0
The Commuter,36343858,2892,13701452,2018/01/12,5.6,105,40000000,0,0,0,0,0,0,0,0,0,0,0,1,0,0,0,1,0,0
The 15:17 to Paris,36276286,3042,12554286,2018/02/9,4.8,94,30000000,1,0,0,0,0,1,0,0,0,0,0,0,0,0,0,0,0,0
Mile 22,36108758,3520,13710825,2018/08/17,5.4,95,35000000,1,0,0,0,0,0,0,0,0,0,0,0,0,0,0,1,0,0
Alpha,35857181,2881,10352512,2018/08/17,5.3,96,51000000,0,1,0,0,0,0,0,0,0,0,0,0,0,0,0,0,0,0
The Favourite,34366783,1554,422410,2018/12/21,7.1,121,15000000,0,0,0,1,0,1,0,0,0,0,0,0,0,0,0,0,0,0
Death Wish,34017028,2882,13010267,2018/03/2,5.7,93,30000000,1,0,0,0,0,0,0,0,0,0,0,0,0,0,0,0,0,0
The Spy Who Dumped Me,33562069,3111,12103043,2018/08/3,4.7,116,40000000,1,0,0,1,0,0,0,0,0,0,0,0,0,0,0,0,0,0
Annihilation,32732301,2112,11071584,2018/02/23,6.0,115,55000000,0,0,0,0,0,0,0,0,1,0,0,0,0,1,0,1,0,0
Robin Hood,30824628,2827,9195670,2018/11/21,6.1,131,210000000,1,1,0,0,0,0,0,0,0,0,0,0,0,0,0,0,0,0
Super Troopers 2,30617396,2125,15181624,2018/04/20,4.0,99,13500000,0,0,0,1,0,0,0,0,0,0,0,0,0,0,0,0,0,0
Holmes & Watson,30573626,2780,7411522,2018/12/25,6.6,128,42000000,1,1,0,0,0,0,0,0,0,0,0,1,0,0,0,0,0,0
Slender Man,30569484,2358,11371866,2018/08/10,3.0,93,10000000,0,0,0,0,0,0,0,0,1,0,0,0,0,0,0,0,0,0
Hostiles,29819114,2934,22849,2018/01/26,6.6,133,50000000,0,0,0,0,0,1,0,0,0,0,0,0,0,0,0,0,0,1
Teen Titans GO! To the Movies,29790236,3188,10411189,2018/07/27,6.2,87,10000000,1,0,1,1,0,0,0,0,0,0,0,0,0,0,0,0,0,0
The Hate U Give,29719483,2375,512035,2018/10/19,6.6,129,23000000,0,0,0,0,0,1,0,0,0,0,0,0,0,0,0,0,0,0
Winchester,25091816,2480,9307626,2018/02/2,4.5,99,3500000,0,0,0,0,0,0,0,0,1,0,0,0,0,0,0,1,0,0
The Strangers: Prey at Night,24586708,2464,10402271,2018/03/9,4.4,85,5000000,0,0,0,0,0,0,0,0,1,0,0,0,0,0,0,1,0,0
White Boy Rick,24011188,2504,8860431,2018/09/14,5.9,106,30000000,0,0,0,0,0,1,0,0,0,0,0,0,0,0,0,0,0,0
Overlord,21704844,2859,10202108,2018/11/9,6.0,109,38000000,1,0,0,0,0,0,0,0,1,0,0,0,0,1,0,1,1,0
Phantom Thread,21198205,1186,216495,2018/01/19,6.7,130,35000000,0,0,0,0,0,1,0,0,0,0,0,0,1,0,0,0,0,0
Proud Mary,20877013,2125,9959053,2018/01/12,4.3,89,30000000,0,0,0,0,0,0,0,0,0,0,0,0,0,0,0,1,0,0
The Happytime Murders,20706452,3256,9532425,2018/08/24,4.7,91,40000000,0,0,0,1,0,0,1,0,0,0,0,0,0,0,0,0,0,0
SuperFly,20545116,2220,6870740,2018/06/13,4.4,108,16000000,1,0,0,0,0,0,0,0,0,0,0,0,0,0,0,1,0,0
Call Me by Your Name,18095701,914,412932,2018/01/19,7.3,130,3500000,0,0,0,0,0,1,0,0,0,0,0,0,1,0,0,0,0,0
Show Dogs,17857020,3212,6023972,2018/05/18,3.9,92,5500000,0,1,0,1,0,0,0,0,0,0,0,0,0,0,0,0,0,0
Bad Times at the El Royale,17839115,2808,7132647,2018/10/12,6.5,141,32000000,0,0,0,0,0,0,0,0,0,0,0,0,0,0,0,1,0,0
Operation Finale,17612099,1818,6022758,2018/08/29,5.8,122,20000000,0,0,0,0,0,1,0,0,0,0,0,1,0,0,0,1,0,0
Sorry to Bother You,17493096,1050,727266,2018/07/13,6.0,110,3200000,0,0,0,1,0,0,1,0,0,0,0,0,0,0,0,0,0,0
Mary Queen of Scots,16468499,1052,194777,2018/12/21,5.3,120,25000000,0,0,0,0,0,1,0,0,0,0,0,0,0,0,0,0,0,0
Forever My Girl,16376066,1427,4245630,2018/01/19,5.3,104,3500000,0,0,0,0,0,1,0,0,0,0,1,0,1,0,0,0,0,0
Mortal Engines,15951040,3103,7559850,2018/12/14,4.8,128,100000000,1,1,0,0,0,0,0,0,0,0,0,0,0,1,0,0,0,0
Hunter Killer,15767460,2728,6653777,2018/10/26,5.7,121,40000000,1,0,0,0,0,0,0,0,0,0,0,0,0,0,0,1,0,0
The Possession of Hannah Grace,14837422,2298,6401744,2018/11/30,4.5,85,6000000,0,0,0,0,0,0,0,0,1,0,0,0,0,0,0,0,0,0
Eighth Grade,13539709,1084,263797,2018/08/3,6.5,93,2000000,0,0,0,1,0,1,0,0,0,0,0,0,0,0,0,0,0,0
The Darkest Minds,12695691,3127,5842609,2018/08/3,4.7,105,34000000,0,0,0,0,0,0,1,0,0,0,0,0,1,1,0,0,0,0
Upgrade,11977130,1458,4670905,2018/06/1,6.7,99,3000000,1,0,0,0,0,0,0,0,0,0,0,0,0,1,0,1,0,0
Hell Fest,11107431,2297,5130963,2018/09/28,4.6,90,5500000,0,0,0,0,0,0,0,0,1,0,0,0,0,0,0,0,0,0
Welcome to Marwen,10763520,1911,2354205,2018/12/21,5.8,116,45000000,0,0,0,0,0,1,1,0,0,0,0,0,0,0,0,0,0,0
Traffik,9186156,1046,3941338,2018/04/20,4.9,96,4000000,0,0,0,0,0,0,0,0,0,0,0,0,0,0,0,1,0,0
Unfriended: Dark Web,8866745,1547,3653035,2018/07/20,5.6,88,1000000,0,0,0,0,0,0,0,0,1,0,0,0,0,0,0,0,0,0
Early Man,8267544,2494,3190525,2018/02/16,5.4,89,50000000,0,0,1,1,0,0,0,0,0,0,0,0,0,0,0,0,0,0
Unsane,7732899,2023,3762145,2018/03/23,5.7,93,1500000,0,0,0,0,0,0,0,0,0,0,0,0,0,0,0,1,0,0
Beautiful Boy,7649973,776,218888,2018/11/9,6.3,100,25000000,0,0,0,0,0,1,0,0,0,0,0,0,0,0,0,0,0,0
Dog Days,6809080,2442,2554766,2018/08/8,6.6,120,10000000,0,0,0,0,0,1,0,0,0,0,0,0,0,0,0,0,0,0
Boy Erased,6788692,672,207057,2018/11/21,6.3,115,11000000,0,0,0,0,0,1,0,0,0,0,0,0,0,0,0,0,0,0
Hotel Artemis,6708147,2407,3232790,2018/06/8,5.1,97,15000000,0,0,0,0,0,0,0,0,0,0,0,0,0,1,0,1,0,0
Fahrenheit 11/9,6352306,1719,3008563,2018/09/21,6.6,130,5000000,0,0,0,0,1,0,0,0,0,0,0,0,0,0,0,0,0,0
Unbroken: Path to Redemption,6216897,1620,2238723,2018/09/14,4.3,98,6000000,0,0,0,0,0,1,0,0,0,0,0,0,0,0,0,0,0,0
The Hurricane Heist,6115825,2402,3024399,2018/03/9,4.3,100,40000000,1,0,0,0,0,0,0,0,0,0,0,0,0,0,0,1,0,0
Every Day,6102076,1669,3016149,2018/02/23,5.6,95,4900000,0,0,0,0,0,1,1,0,0,0,0,0,1,0,0,0,0,0
Kin,5718096,2141,3035618,2018/08/31,4.7,98,30000000,0,0,0,0,0,0,0,0,1,0,0,0,0,0,0,0,0,0
Action Point,5059608,2032,2390164,2018/06/1,4.2,85,19000000,1,0,0,1,0,0,0,0,0,0,0,0,0,0,0,0,0,0
Sgt. Stubby: An American Hero,4015935,1633,1164403,2018/04/13,5.5,85,25000000,0,1,1,0,0,0,0,0,0,0,0,0,0,0,0,0,1,0
Indivisible,3511417,830,1503101,2018/10/26,6.3,100,2700000,0,0,0,0,0,1,0,0,0,0,0,0,0,0,0,0,0,0
The Sisters Brothers,3143056,1141,115575,2018/10/19,6.9,121,38000000,0,0,0,0,0,0,0,0,0,0,0,0,0,0,0,0,0,1
Assassination Nation,2005142,1403,1050021,2018/09/21,6.1,110,7000000,0,0,0,0,0,0,0,0,0,0,0,0,0,0,0,1,0,0
Avengers: Endgame,858373000,4662,357115007,2019/04/26,7.3,181,400000000,1,0,0,0,0,0,1,0,0,0,0,0,0,1,0,0,0,0
The Lion King,543638043,4802,191770759,2019/07/19,6.4,118,260000000,0,1,1,0,0,1,0,0,0,0,1,0,0,0,0,0,0,0
Frozen II,477373578,4440,130263358,2019/11/22,5.8,103,150000000,0,1,1,1,0,0,1,0,0,0,1,0,0,0,0,0,0,0
Toy Story 4,434038008,4575,120908065,2019/06/21,7.1,100,200000000,0,1,1,1,0,0,1,0,0,1,0,0,0,0,0,0,0,0
Captain Marvel,426829839,4310,153433423,2019/03/8,5.9,125,175000000,1,1,0,0,0,0,1,0,0,0,0,0,0,1,0,0,0,0
Spider-Man: Far from Home,390532085,4634,92579212,2019/07/2,6.2,129,160000000,1,0,0,0,0,0,1,0,0,0,0,0,0,1,0,0,0,0
Aladdin,355559216,4476,91500929,2019/05/24,6.2,128,182000000,0,1,0,0,0,0,1,0,0,0,1,0,1,0,0,0,0,0
Joker,335451311,4374,96202337,2019/10/4,8.0,121,55000000,0,0,0,0,0,1,0,0,0,0,0,0,0,0,0,1,0,0
Jumanji: The Next Level,320314960,4227,59251543,2019/12/13,5.2,123,125000000,1,1,0,1,0,0,1,0,0,0,0,0,0,0,0,0,0,0
Us,175084580,3743,71117625,2019/03/22,6.5,60,20000000,1,0,0,0,0,0,1,0,1,0,0,0,0,0,1,0,0,0
Knives Out,165363234,3461,26769548,2019/11/27,7.2,130,40000000,0,0,0,0,0,0,0,0,0,0,0,1,0,0,0,0,0,0
How to Train Your Dragon: The Hidden World,160799505,4286,55022245,2019/02/22,6.6,104,129000000,0,1,1,1,0,0,0,0,0,0,0,0,0,0,0,0,0,0
The Secret Life of Pets 2,158874395,4564,46652680,2019/06/7,5.6,98,80000000,0,1,1,1,0,0,0,0,0,0,0,0,0,0,0,0,0,0
Shazam!,140371656,4306,53505326,2019/04/5,5.9,132,85000000,1,0,0,1,0,0,1,0,0,0,0,0,0,0,0,0,0,0
Dumbo,114766307,4259,45990748,2019/03/29,5.7,111,170000000,0,1,0,0,0,0,1,0,0,0,0,0,0,0,0,0,0,0
Maleficent: Mistress of Evil,113929605,3820,36948713,2019/10/18,5.4,118,185000000,0,1,0,0,0,0,1,0,0,0,0,0,0,0,0,0,0,0
Glass,111048468,3844,40328920,2019/01/18,6.2,129,20000000,0,0,0,0,0,0,0,0,0,0,0,1,0,0,0,1,0,0
Godzilla: King of the Monsters,110500138,4108,47776293,2019/05/31,4.9,131,170000000,1,0,0,0,0,0,1,0,0,0,0,0,0,1,0,0,0,0
The Upside,108252517,3568,20355000,2019/01/11,5.7,126,37500000,0,0,0,1,0,1,0,0,0,0,0,0,0,0,0,0,0,0
The Lego Movie 2: The Second Part,105806508,4303,34115335,2019/02/8,5.8,93,99000000,0,1,1,1,0,0,1,0,0,0,0,0,0,0,0,0,0,0
Hustlers,104963598,3525,33181361,2019/09/13,5.2,110,20700000,0,0,0,1,0,1,0,0,0,0,0,0,0,0,0,0,0,0
The Addams Family,100044905,4107,30300007,2019/10/11,5.2,87,30000000,0,0,1,1,0,0,0,0,0,0,0,0,0,0,0,0,0,0
Rocketman,96368160,3610,25725722,2019/05/31,6.7,121,41000000,0,0,0,0,0,1,0,0,0,0,1,0,0,0,0,0,0,0
Alita: Battle Angel,85838210,3802,28525613,2019/02/14,6.4,121,170000000,1,0,0,0,0,0,0,0,0,0,0,0,1,1,0,1,0,0
Men in Black: International,80001807,4224,30035838,2019/06/14,4.6,115,110000000,1,0,0,1,0,0,0,0,0,0,0,0,0,1,0,0,0,0
Annabelle Comes Home,74152591,3613,20269723,2019/06/26,5.1,106,27000000,0,0,0,0,0,0,0,0,1,0,0,0,0,0,0,0,0,0
Zombieland: Double Tap,73123082,3468,26803104,2019/10/18,5.6,99,48000000,0,0,0,1,0,0,0,0,1,0,0,0,0,0,0,0,0,0
Angel Has Fallen,69030436,3336,21380987,2019/08/23,5.4,120,40000000,1,0,0,0,0,0,0,0,0,0,0,0,0,0,0,1,0,0
Scary Stories to Tell in the Dark,68947075,3135,20915346,2019/08/9,5.3,111,28000000,0,0,0,0,0,0,0,0,1,0,0,0,0,0,0,0,0,0
Spies in Disguise,66757013,3502,13354798,2019/12/25,6.2,101,100000000,0,0,1,1,0,0,0,0,0,0,0,0,0,1,0,0,0,0
Terminator: Dark Fate,62253077,4086,29033832,2019/11/1,5.2,128,185000000,1,0,0,0,0,0,0,0,0,0,0,0,0,1,0,0,0,0
A Beautiful Day in the Neighborhood,61704055,3491,13251238,2019/11/22,6.0,103,45000000,0,0,0,0,0,1,0,0,0,0,0,0,0,0,0,0,0,0
Abominable,60716390,4248,20612100,2019/09/27,6.2,97,75000000,0,1,1,1,0,0,1,0,0,1,0,0,0,0,0,0,0,0
Dora and the Lost City of Gold,60477943,3735,17431588,2019/08/9,5.0,102,49000000,0,1,0,1,0,0,0,0,0,1,0,0,0,0,0,0,0,0
Escape Room,57005601,2717,18238172,2019/01/4,3.4,81,9000000,0,0,0,0,0,0,0,0,1,0,0,0,0,0,0,1,0,0
Midway,56846802,3242,17897419,2019/11/8,5.8,138,100000000,1,0,0,0,0,1,0,0,0,0,0,0,0,0,0,0,1,0
The Curse of La Llorona,54733739,3372,26347631,2019/04/19,4.2,93,9000000,0,0,0,0,0,0,0,0,1,0,0,0,0,0,0,1,0,0
Pet Sematary,54724696,3585,24502775,2019/04/5,5.9,103,21000000,0,0,0,0,0,0,0,0,1,0,0,0,0,0,0,0,0,0
What Men Want,54611903,2912,18232087,2019/02/8,4.4,117,20000000,0,0,0,1,0,0,1,0,0,0,0,0,1,0,0,0,0,0
Ad Astra,50188370,3460,19001398,2019/09/20,5.8,122,80000000,0,0,0,0,0,1,0,0,0,0,0,0,0,1,0,1,0,0
Gemini Man,48546770,3642,20552372,2019/10/11,4.8,117,140000000,1,0,0,0,0,1,0,0,0,0,0,0,0,1,0,1,0,0
Five Feet Apart,45729221,2866,13190286,2019/03/15,6.2,116,7000000,0,0,0,0,0,1,0,0,0,0,0,0,1,0,0,0,0,0
Wonder Park,45216793,3838,15853646,2019/03/15,5.4,85,100000000,1,0,1,0,0,0,0,0,0,1,0,0,0,0,0,0,0,0
Rambo: Last Blood,44819352,3618,18872919,2019/09/20,5.5,100,50000000,1,0,0,0,0,0,0,0,0,0,0,0,0,0,0,1,0,0
Harriet,43082155,2186,11676720,2019/11/1,5.8,125,17000000,0,0,0,0,0,1,0,0,0,0,0,0,0,0,0,0,0,0
The Angry Birds Movie 2,41667116,3869,10354073,2019/08/13,5.4,96,65000000,0,0,1,1,0,0,0,0,0,0,0,0,0,0,0,0,0,0
Crawl,39014193,3170,12005210,2019/07/12,5.8,95,17000000,0,0,0,0,0,1,0,0,0,0,0,0,0,0,0,0,0,0
The Intruder,35419122,2231,10855054,2019/05/3,6.0,95,8000000,0,0,0,0,0,1,0,0,0,0,0,0,0,0,0,0,0,0
The Hustle,35417038,3077,13007709,2019/05/10,4.4,94,21000000,0,0,0,1,0,0,0,0,0,0,0,0,0,0,0,0,0,0
Last Christmas,35150750,3454,11441055,2019/11/8,5.3,102,30000000,0,0,0,1,0,1,0,0,0,0,0,0,1,0,0,0,0,0
Overcomer,34746945,2293,8146533,2019/08/23,4.5,124,5000000,0,0,0,0,0,1,0,0,0,0,0,0,0,0,0,0,0,0
Jojo Rabbit,33370906,1173,349555,2019/11/8,7.2,108,14000000,0,0,0,1,0,1,0,0,0,0,0,0,0,0,0,0,0,0
Cold Pursuit,32138862,2630,11030233,2019/02/8,5.2,118,60000000,1,0,0,1,0,0,0,0,0,0,0,0,0,0,0,1,0,0
Bombshell,31762808,1721,319157,2019/12/20,6.2,108,32000000,0,0,0,0,0,1,0,0,0,0,0,0,0,0,0,0,0,0
Doctor Sleep,31581712,3855,14114124,2019/11/8,6.3,151,45000000,0,0,0,0,0,0,0,0,1,0,0,0,0,0,0,1,0,0
Dragon Ball Super: Broly,30712119,1267,9816197,2019/01/16,6.6,100,8500000,1,0,1,0,0,0,0,0,0,0,0,0,0,1,0,0,0,0
Long Shot,30316271,3230,9740064,2019/05/3,6.3,39,40000000,0,0,0,0,1,0,0,0,0,0,0,0,0,0,0,0,0,0
Child's Play,29208403,3007,14094594,2019/06/21,5.0,90,9000000,0,0,0,0,0,0,0,0,1,0,0,0,0,0,0,0,0,0
Ready or Not,28714231,2998,8015590,2019/08/21,6.0,95,6000000,0,0,0,1,0,0,0,0,1,0,0,1,0,0,0,1,0,0
21 Bridges,28539757,2665,9261268,2019/11/22,5.9,99,33000000,1,0,0,0,0,1,0,0,0,0,0,0,0,0,0,1,0,0
Happy Death Day 2U,28148130,3212,9497665,2019/02/13,5.1,100,9000000,0,0,0,1,0,0,0,0,1,0,0,1,0,1,0,1,0,0
Midsommar,27426361,2707,6560030,2019/07/3,6.3,145,9000000,0,0,0,0,0,1,0,0,1,0,0,1,0,0,0,0,0,0
The Art of Racing in the Rain,26395642,2765,8137584,2019/08/9,6.4,109,18000000,0,0,0,1,0,1,0,0,0,0,0,0,0,0,0,0,0,0
Countdown,25621766,2675,8865082,2019/10/25,4.6,90,6500000,0,0,0,0,0,0,0,0,1,0,0,0,0,0,0,1,0,0
On the Basis of Sex,24622687,1957,686355,2019/01/11,6.4,120,20000000,0,0,0,0,0,1,0,0,0,0,0,0,0,0,0,0,0,0
Fighting with My Family,22958886,2855,138780,2019/02/22,6.1,108,11000000,0,0,0,1,0,1,0,0,0,0,0,0,0,0,0,0,0,0
Booksmart,22680962,2518,6933620,2019/05/24,6.2,102,6000000,0,0,0,1,0,0,0,0,0,0,0,0,0,0,0,0,0,0
Stuber,22370452,3050,8225384,2019/07/12,5.1,93,16000000,1,0,0,1,0,0,0,0,0,0,0,0,0,0,0,0,0,0
Richard Jewell,22345542,2502,4705265,2019/12/13,7.1,131,45000000,0,0,0,0,0,1,0,0,0,0,0,0,0,0,0,0,0,0
47 Meters Down: Uncaged,22260900,2883,8427265,2019/08/16,4.3,89,12000000,0,1,0,0,0,0,0,0,1,0,0,0,0,0,0,0,0,0
Hellboy,21903748,3303,12045147,2019/04/12,4.7,120,60000000,1,0,0,0,0,0,1,0,0,0,0,0,0,0,0,0,0,0
Shaft,21360215,2952,8901419,2019/06/14,6.0,100,53012938,1,0,0,0,0,0,0,0,0,0,0,0,0,0,0,1,0,0
The Peanut Butter Falcon,20457151,1490,204793,2019/08/23,6.4,97,6200000,0,0,0,0,0,1,0,0,0,0,0,0,0,0,0,0,0,0
UglyDolls,20150241,3652,8603407,2019/05/3,4.8,87,45000000,0,1,1,1,0,0,1,0,0,1,0,0,0,0,0,0,0,0
Unplanned,19005109,1516,6382298,2019/03/29,5.5,106,6000000,0,0,0,0,0,1,0,0,0,0,0,0,0,0,0,0,0,0
Charlie's Angels,17803077,3452,8351109,2019/11/15,3.9,118,90000000,1,0,0,1,0,0,0,0,0,0,0,0,0,0,0,1,0,0
The Farewell,17695781,891,355662,2019/08/9,6.7,95,3000000,0,0,0,1,0,1,0,0,0,0,0,0,0,0,0,0,0,0
Brightburn,17300439,2607,7845658,2019/05/24,5.6,90,7000000,0,0,0,0,0,0,0,0,1,0,0,0,0,1,0,0,0,0
The Good Liar,17156058,2454,5605051,2019/11/15,5.9,109,10000000,0,0,0,1,0,1,0,0,0,0,0,1,0,0,0,0,0,0
The Kid Who Would Be King,16790790,3528,7173887,2019/01/25,5.4,120,59000000,0,1,0,0,0,0,1,0,0,0,0,0,0,0,0,0,0,0
Late Night,15499454,2220,246305,2019/06/14,5.6,102,4000000,0,0,0,1,0,0,0,0,0,0,0,0,0,0,0,0,0,0
Miss Bala,15006824,2203,6864744,2019/02/1,5.6,113,15000000,0,0,0,0,0,1,0,0,0,0,0,0,0,0,0,0,0,0
If Beale Street Could Talk,14915773,1018,224476,2019/01/11,6.3,119,12000000,0,0,0,0,0,1,0,0,0,0,0,0,1,0,0,0,0,0
The Prodigy,14856291,2530,5853061,2019/02/8,3.6,120,6000000,0,0,0,0,0,1,0,0,0,0,0,0,0,0,0,1,0,0
Poms,13631124,2750,5361937,2019/05/10,4.5,91,10000000,0,0,0,1,0,0,0,0,0,0,0,0,0,0,0,0,0,0
The Kitchen,12180032,2745,5527410,2019/08/9,4.7,102,38000000,1,0,0,0,0,1,0,0,0,0,0,0,0,0,0,0,0,0
After,12138565,2138,6002349,2019/04/12,5.6,117,14000000,1,0,0,0,0,0,0,0,0,0,0,0,0,1,0,0,0,0
Blinded by the Light,11901145,2307,4333305,2019/08/16,6.2,118,15000000,0,0,0,1,0,1,0,0,0,0,0,0,0,0,0,0,0,0
The Lighthouse,10867104,978,427797,2019/11/1,5.2,102,4000000,0,0,0,0,0,0,0,0,0,0,0,0,0,0,0,1,0,0
Black Christmas,10429730,2625,4240245,2019/12/13,6.2,98,9000000,0,0,0,0,0,0,0,0,1,0,0,1,0,0,0,1,0,0
The Best of Enemies,10205616,1705,4446190,2019/04/5,6.2,104,10000000,0,1,0,1,0,0,0,0,0,0,0,0,0,0,0,0,1,0
Hotel Mumbai,9651611,930,88065,2019/03/29,6.6,125,17300000,0,0,0,0,0,1,0,0,0,0,0,0,0,0,0,1,0,0
Motherless Brooklyn,9277736,1342,3500454,2019/11/1,6.0,144,26000000,0,0,0,0,0,1,0,0,0,0,0,0,0,0,0,1,0,0
Serenity,8547045,2561,4415403,2019/01/25,4.3,106,39000000,0,0,0,0,0,1,0,0,0,0,0,0,0,0,0,1,0,0
Anna,7743794,2114,3600647,2019/06/21,5.7,64,30000000,0,0,0,0,0,1,0,0,0,0,0,0,0,0,1,0,0,0
Jexi,6546159,2332,3106730,2019/10/11,4.9,84,5000000,0,0,0,1,0,0,0,0,0,0,0,0,0,0,0,0,0,0
Captive State,5958315,2549,3131525,2019/03/15,5.3,109,25000000,0,0,0,0,0,0,0,0,0,0,0,0,0,1,0,1,0,0
Stan & Ollie,5470235,754,78104,2019/01/25,6.5,97,10000000,0,0,0,1,0,1,0,0,0,0,0,0,0,0,0,0,0,0
The Goldfinch,5332621,2542,2679027,2019/09/13,5.5,149,40000000,0,0,0,0,0,1,0,0,0,0,0,0,0,0,0,0,0,0
The Sun Is Also a Star,4950029,2073,2511530,2019/05/17,4.9,100,9000000,0,0,0,0,0,1,0,0,0,0,0,0,1,0,0,0,0,0
Jay and Silent Bob Reboot,4589490,788,93520,2019/10/15,4.6,105,10000000,0,0,0,1,0,0,0,0,0,0,0,0,0,0,0,0,0,0
Tolkien,4535154,1501,2200537,2019/05/10,5.7,112,20000000,0,0,0,0,0,1,0,0,0,0,0,0,1,0,0,0,1,0
Brian Banks,4376819,1240,2156272,2019/08/9,6.4,99,10000000,0,0,0,0,0,1,0,0,0,0,0,0,0,0,0,0,0,0
Replicas,4046429,2329,2375325,2019/01/11,4.4,107,30000000,0,0,0,0,0,0,0,0,0,0,0,0,0,1,0,1,0,0
The Beach Bum,3502600,1100,1763070,2019/03/29,5.4,95,5000000,0,0,0,1,0,0,0,0,0,0,0,0,0,0,0,0,0,0
El Chicano,1400603,605,700261,2019/05/3,4.6,107,8000000,0,0,0,0,0,1,0,0,0,0,0,0,0,0,0,0,0,0
Teen Spirit,441366,696,43620,2019/04/19,5.2,92,16000000,0,0,0,0,0,1,0,0,0,0,0,0,0,0,0,0,0,0
